53,Map > Shortlist > Compare,CompareShortlist,features,opened_from_shortlist_tab,"timeStamp:1424166318195_uid:1641101363_sid:15_count:59_{""shortlist_length"":2,""city"":""mumbai"",""service"":""rent"",""location_type"":""poly"",""polygon_id"":""dce9290ec3fe8834a293"",""polygon_name"":""powai"",""referrer"":"""",""experiments"":""{\""rent_sell_property\"":\""rent_sell\"",\""index_view_type\"":\""grid\""}"",""device"":""desktop"",""index_view_type"":""map_view"",""page_type"":""rent-service_compare-page_shortlist"",""clid"":""dd882b72-d033-487c-b045-9fbd9aa59d8c""}",
58,Map > Shortlist > compare > previous list,CompareShortlist,features,render_previous_flat,"timeStamp:1424166679398_uid:1641101363_sid:15_count:71_{""info"":""label"",""city"":""mumbai"",""service"":""rent"",""location_type"":""poly"",""polygon_id"":""dce9290ec3fe8834a293"",""polygon_name"":""powai"",""referrer"":"""",""experiments"":""{\""rent_sell_property\"":\""rent_sell\"",\""index_view_type\"":\""grid\""}"",""device"":""desktop"",""index_view_type"":""map_view"",""page_type"":""rent-service_compare-page_shortlist"",""clid"":""dd882b72-d033-487c-b045-9fbd9aa59d8c""}",
36,Map > Report submission,Features,features,Flag,"timeStamp:1424163700756_uid:1641101363_sid:14_count:141_{""city"":""mumbai"",""service"":""rent"",""id"":262495,""location_type"":""poly"",""polygon_id"":""dce9290ec3fe8834a293"",""polygon_name"":""powai"",""referrer"":"""",""experiments"":""{\""rent_sell_property\"":\""rent_sell\"",\""index_view_type\"":\""grid\""}"",""device"":""desktop"",""index_view_type"":""map_view"",""page_type"":""rent-service_details-page"",""clid"":""null""}",
41,Map > Shortlist Info window ,Features,features,shortlist,"timeStamp:1424164522407_uid:1641101363_sid:15_count:14_{""city"":""mumbai"",""service"":""rent"",""id"":262495,""shortlist_action"":""added"",""source"":""info-window"",""shortlisted"":[193249,188575],""experiments"":""{\""rent_sell_property\"":\""rent_sell\"",\""index_view_type\"":\""grid\""}"",""location_type"":""poly"",""polygon_id"":""dce9290ec3fe8834a293"",""polygon_name"":""powai"",""referrer"":"""",""device"":""desktop"",""index_view_type"":""map_view"",""page_type"":""rent-service_details-page"",""clid"":""dd882b72-d033-487c-b045-9fbd9aa59d8c""}",
42,Map > Shortlist remove Info window,Features,features,shortlist,"timeStamp:1424164601979_uid:1641101363_sid:15_count:19_{""city"":""mumbai"",""service"":""rent"",""id"":262495,""shortlist_action"":""removed"",""source"":""info-window"",""shortlisted"":[193249,188575],""experiments"":""{\""rent_sell_property\"":\""rent_sell\"",\""index_view_type\"":\""grid\""}"",""location_type"":""poly"",""polygon_id"":""dce9290ec3fe8834a293"",""polygon_name"":""powai"",""referrer"":"""",""device"":""desktop"",""index_view_type"":""map_view"",""page_type"":""rent-service_details-page"",""clid"":""dd882b72-d033-487c-b045-9fbd9aa59d8c""}",
45,Map > Shortlist side list,Features,features,shortlist,"timeStamp:1424165239814_uid:1641101363_sid:15_count:35_{""city"":""mumbai"",""service"":""rent"",""id"":234804,""shortlist_action"":""removed"",""source"":""list"",""shortlisted"":[193249,188575],""experiments"":""{\""rent_sell_property\"":\""rent_sell\"",\""index_view_type\"":\""grid\""}"",""location_type"":""poly"",""polygon_id"":""dce9290ec3fe8834a293"",""polygon_name"":""powai"",""referrer"":"""",""device"":""desktop"",""index_view_type"":""map_view"",""page_type"":""rent-service_results-page"",""clid"":""dd882b72-d033-487c-b045-9fbd9aa59d8c""}",
46,Map > Shortlist remove side list,Features,features,shortlist,"timeStamp:1424165357259_uid:1641101363_sid:15_count:36_{""city"":""mumbai"",""service"":""rent"",""id"":234804,""shortlist_action"":""removed"",""source"":""list"",""shortlisted"":[193249,188575],""experiments"":""{\""rent_sell_property\"":\""rent_sell\"",\""index_view_type\"":\""grid\""}"",""location_type"":""poly"",""polygon_id"":""dce9290ec3fe8834a293"",""polygon_name"":""powai"",""referrer"":"""",""device"":""desktop"",""index_view_type"":""map_view"",""page_type"":""rent-service_results-page"",""clid"":""dd882b72-d033-487c-b045-9fbd9aa59d8c""}",
52,Map > Shortlist tab,Features,features,shortlist-tab,"timeStamp:1424166237882_uid:1641101363_sid:15_count:56_{""shortlisted"":2,""city"":""mumbai"",""service"":""rent"",""location_type"":""poly"",""polygon_id"":""dce9290ec3fe8834a293"",""polygon_name"":""powai"",""referrer"":"""",""experiments"":""{\""rent_sell_property\"":\""rent_sell\"",\""index_view_type\"":\""grid\""}"",""device"":""desktop"",""index_view_type"":""map_view"",""page_type"":""rent-service_results-page_shortlist"",""clid"":""dd882b72-d033-487c-b045-9fbd9aa59d8c""}",
37,Map > Contact agent,Form,form,open_crf,"timeStamp:1424164031483_uid:1641101363_sid:14_count:155_{""source"":""listings"",""city"":""mumbai"",""service"":""rent"",""listing_id"":262495,""bhk"":""1_R"",""owner"":""Broker"",""fi"":100,""experiments"":""{\""rent_sell_property\"":\""rent_sell\"",\""index_view_type\"":\""grid\""}"",""location_type"":""poly"",""polygon_id"":""dce9290ec3fe8834a293"",""polygon_name"":""powai"",""referrer"":"""",""device"":""desktop"",""index_view_type"":""map_view"",""page_type"":""rent-service_details-page"",""clid"":""null""}",
38,Map > Agent Msg sent,Form,form,submitted_crf,"timeStamp:1424164085650_uid:1641101363_sid:14_count:157_{""source"":""listings"",""city"":""mumbai"",""service"":""rent"",""listing_id"":262495,""bhk"":""1_R"",""owner"":""Broker"",""fi"":100,""experiments"":""{\""rent_sell_property\"":\""rent_sell\"",\""index_view_type\"":\""grid\""}"",""request_id"":1133169,""name"":""ADITI_CHANDRA"",""email"":""aditic000@gmail.com"",""phone"":""9876567898"",""location_type"":""poly"",""polygon_id"":""dce9290ec3fe8834a293"",""polygon_name"":""powai"",""referrer"":"""",""device"":""desktop"",""index_view_type"":""map_view"",""page_type"":""rent-service_details-page"",""clid"":""null""}",
38,Map > Agent Msg sent,Form,form,filled_crf,"timeStamp:1424164085047_uid:1641101363_sid:14_count:156_{""source"":""listings"",""city"":""mumbai"",""service"":""rent"",""listing_id"":262495,""bhk"":""1_R"",""owner"":""Broker"",""fi"":100,""experiments"":""{\""rent_sell_property\"":\""rent_sell\"",\""index_view_type\"":\""grid\""}"",""location_type"":""poly"",""polygon_id"":""dce9290ec3fe8834a293"",""polygon_name"":""powai"",""referrer"":"""",""device"":""desktop"",""index_view_type"":""map_view"",""page_type"":""rent-service_details-page"",""clid"":""null""}",
59,Map > Shortlist > Message,Form,form,open_crf,"timeStamp:1424167158984_uid:1641101363_sid:15_count:82_{""source"":""listings"",""city"":""mumbai"",""service"":""rent"",""listing_id"":188575,""bhk"":""3_BHK"",""owner"":""Owner"",""fi"":200,""experiments"":""{\""rent_sell_property\"":\""rent_sell\"",\""index_view_type\"":\""grid\""}"",""location_type"":""poly"",""polygon_id"":""dce9290ec3fe8834a293"",""polygon_name"":""powai"",""referrer"":"""",""device"":""desktop"",""index_view_type"":""map_view"",""page_type"":""rent-service_results-page_shortlist"",""clid"":""dd882b72-d033-487c-b045-9fbd9aa59d8c""}",
1,Rent,Services selection,home_page,Selected rent,"timeStamp:1424155680550_uid:1641101363_sid:14_count:16_{""city"":""null"",""previous_page_type"":""home-page_service-selection-page"",""from"":""Home_Page"",""service"":"""",""referrer"":"""",""experiments"":""{\""rent_sell_property\"":\""rent_sell\"",\""index_view_type\"":\""grid\""}"",""device"":""desktop"",""page_type"":""service-selection-page"",""clid"":""null""}",
22,Map > Commute > View more,Commute Usage,infowindow,clicked train-stations,"timeStamp:1424160337531_uid:1641101363_sid:14_count:114_{""id"":262495,""city"":""mumbai"",""service"":""rent"",""location_type"":""poly"",""polygon_id"":""dce9290ec3fe8834a293"",""polygon_name"":""powai"",""referrer"":"""",""experiments"":""{\""rent_sell_property\"":\""rent_sell\"",\""index_view_type\"":\""grid\""}"",""device"":""desktop"",""index_view_type"":""map_view"",""page_type"":""rent-service_details-page"",""clid"":""null""}",
23,Map > Commute > View less,Commute Usage,infowindow,clicked train-stations,"timeStamp:1424160335463_uid:1641101363_sid:14_count:113_{""id"":262495,""city"":""mumbai"",""service"":""rent"",""location_type"":""poly"",""polygon_id"":""dce9290ec3fe8834a293"",""polygon_name"":""powai"",""referrer"":"""",""experiments"":""{\""rent_sell_property\"":\""rent_sell\"",\""index_view_type\"":\""grid\""}"",""device"":""desktop"",""index_view_type"":""map_view"",""page_type"":""rent-service_details-page"",""clid"":""null""}",
24,Map > Commute > Enter Destination,Custom Commute,infowindow,stored,"timeStamp:1424160516330_uid:1641101363_sid:14_count:116_{""city"":""mumbai"",""service"":""rent"",""id"":262495,""commute"":""Bandra_West"",""location_type"":""poly"",""polygon_id"":""dce9290ec3fe8834a293"",""polygon_name"":""powai"",""referrer"":"""",""experiments"":""{\""rent_sell_property\"":\""rent_sell\"",\""index_view_type\"":\""grid\""}"",""device"":""desktop"",""index_view_type"":""map_view"",""page_type"":""rent-service_details-page"",""clid"":""null""}",
14,Map > property selected,Infowindow-rent,infowindow,opened from map,"timeStamp:1424244661346_uid:1641101363_sid:17_count:32_{""city"":""mumbai"",""service"":""rent"",""id"":6697,""listings"":148,""filters"":""{\""nearby\"":{\""name\"":null,\""lat\"":null,\""lng\"":null,\""rad\"":null},\""loct\"":\""poly\"",\""poly\"":{\""id\"":\""dce9290ec3fe8834a293\"",\""buffer\"":false},\""est\"":{\""id\"":null,\""radius\"":500},\""age\"":{\""since\"":null,\""range\"":{\""f\"":null,\""t\"":null}},\""override_radius\"":true,\""map_arrange\"":\""date_added_in_seconds\"",\""sort_key\"":\""relevance\"",\""sort_order\"":\""true\"",\""page_num\"":1}"",""listing_index"":22,""marker_state"":""marker"",""from"":""poly"",""visible_markers"":148,""visible_as_markers"":22,""zoom"":14,""location_type"":""poly"",""polygon_id"":""dce9290ec3fe8834a293"",""polygon_name"":""powai"",""referrer"":"""",""experiments"":""{\""rent_sell_property\"":\""rent_sell\""}"",""device"":""desktop"",""index_view_type"":""map_view"",""page_type"":""rent-service_details-page"",""clid"":""dd882b72-d033-487c-b045-9fbd9aa59d8c""}",
15,Map > property images,Infowindow-rent,infowindow,Opened tab - slideshow,"timeStamp:1424159508832_uid:1641101363_sid:14_count:79_{""city"":""mumbai"",""flat_id"":262495,""service"":""rent"",""location_type"":""poly"",""polygon_id"":""dce9290ec3fe8834a293"",""polygon_name"":""powai"",""referrer"":"""",""experiments"":""{\""rent_sell_property\"":\""rent_sell\"",\""index_view_type\"":\""grid\""}"",""device"":""desktop"",""index_view_type"":""map_view"",""page_type"":""rent-service_details-page"",""clid"":""null""}",
16,Map > Amenities Click,Infowindow-rent,infowindow,scroll_to_tab_amenities,"timeStamp:1424159638792_uid:1641101363_sid:14_count:85_{""listing_id"":262495,""city"":""mumbai"",""service"":""rent"",""location_type"":""poly"",""polygon_id"":""dce9290ec3fe8834a293"",""polygon_name"":""powai"",""referrer"":"""",""experiments"":""{\""rent_sell_property\"":\""rent_sell\"",\""index_view_type\"":\""grid\""}"",""device"":""desktop"",""index_view_type"":""map_view"",""page_type"":""rent-service_details-page"",""clid"":""null""}",
16,Map > Amenities click,Infowindow-rent,infowindow,Opened tab - amenities,"timeStamp:1424159637398_uid:1641101363_sid:14_count:84_{""city"":""mumbai"",""flat_id"":262495,""service"":""rent"",""location_type"":""poly"",""polygon_id"":""dce9290ec3fe8834a293"",""polygon_name"":""powai"",""referrer"":"""",""experiments"":""{\""rent_sell_property\"":\""rent_sell\"",\""index_view_type\"":\""grid\""}"",""device"":""desktop"",""index_view_type"":""map_view"",""page_type"":""rent-service_details-page"",""clid"":""null""}",
17,Map > Commute click,Infowindow-rent,infowindow,scroll_to_tab_commute,"timeStamp:1424159723168_uid:1641101363_sid:14_count:87_{""listing_id"":262495,""city"":""mumbai"",""service"":""rent"",""location_type"":""poly"",""polygon_id"":""dce9290ec3fe8834a293"",""polygon_name"":""powai"",""referrer"":"""",""experiments"":""{\""rent_sell_property\"":\""rent_sell\"",\""index_view_type\"":\""grid\""}"",""device"":""desktop"",""index_view_type"":""map_view"",""page_type"":""rent-service_details-page"",""clid"":""null""}",
17,Map > Commute click,Infowindow-rent,infowindow,Opened tab - commute,"timeStamp:1424159721765_uid:1641101363_sid:14_count:86_{""city"":""mumbai"",""flat_id"":262495,""service"":""rent"",""location_type"":""poly"",""polygon_id"":""dce9290ec3fe8834a293"",""polygon_name"":""powai"",""referrer"":"""",""experiments"":""{\""rent_sell_property\"":\""rent_sell\"",\""index_view_type\"":\""grid\""}"",""device"":""desktop"",""index_view_type"":""map_view"",""page_type"":""rent-service_details-page"",""clid"":""null""}",
18,Map > Locality click,Infowindow-rent,infowindow,scroll_to_tab_locality,"timeStamp:1424159776367_uid:1641101363_sid:14_count:89_{""listing_id"":262495,""city"":""mumbai"",""service"":""rent"",""location_type"":""poly"",""polygon_id"":""dce9290ec3fe8834a293"",""polygon_name"":""powai"",""referrer"":"""",""experiments"":""{\""rent_sell_property\"":\""rent_sell\"",\""index_view_type\"":\""grid\""}"",""device"":""desktop"",""index_view_type"":""map_view"",""page_type"":""rent-service_details-page"",""clid"":""null""}",
18,Map > Locality click,Infowindow-rent,infowindow,Opened tab - locality,"timeStamp:1424159774961_uid:1641101363_sid:14_count:88_{""city"":""mumbai"",""flat_id"":262495,""service"":""rent"",""location_type"":""poly"",""polygon_id"":""dce9290ec3fe8834a293"",""polygon_name"":""powai"",""referrer"":"""",""experiments"":""{\""rent_sell_property\"":\""rent_sell\"",\""index_view_type\"":\""grid\""}"",""device"":""desktop"",""index_view_type"":""map_view"",""page_type"":""rent-service_details-page"",""clid"":""null""}",
19,Map > Amenities > scroll,Infowindow-rent,infowindow,scroll_to_tab_amenities,"timeStamp:1424160028419_uid:1641101363_sid:14_count:107_{""listing_id"":262495,""city"":""mumbai"",""service"":""rent"",""location_type"":""poly"",""polygon_id"":""dce9290ec3fe8834a293"",""polygon_name"":""powai"",""referrer"":"""",""experiments"":""{\""rent_sell_property\"":\""rent_sell\"",\""index_view_type\"":\""grid\""}"",""device"":""desktop"",""index_view_type"":""map_view"",""page_type"":""rent-service_details-page"",""clid"":""null""}",
20,Map > Commute > scroll,Infowindow-rent,infowindow,scroll_to_tab_commute,"timeStamp:1424160118845_uid:1641101363_sid:14_count:108_{""listing_id"":262495,""city"":""mumbai"",""service"":""rent"",""location_type"":""poly"",""polygon_id"":""dce9290ec3fe8834a293"",""polygon_name"":""powai"",""referrer"":"""",""experiments"":""{\""rent_sell_property\"":\""rent_sell\"",\""index_view_type\"":\""grid\""}"",""device"":""desktop"",""index_view_type"":""map_view"",""page_type"":""rent-service_details-page"",""clid"":""null""}",
21,Map > Locality > scroll,Infowindow-rent,infowindow,scroll_to_tab_locality,"timeStamp:1424160193613_uid:1641101363_sid:14_count:109_{""listing_id"":262495,""city"":""mumbai"",""service"":""rent"",""location_type"":""poly"",""polygon_id"":""dce9290ec3fe8834a293"",""polygon_name"":""powai"",""referrer"":"""",""experiments"":""{\""rent_sell_property\"":\""rent_sell\"",\""index_view_type\"":\""grid\""}"",""device"":""desktop"",""index_view_type"":""map_view"",""page_type"":""rent-service_details-page"",""clid"":""null""}",
35,Map > Report,Infowindow-rent,infowindow,open_report_error,"timeStamp:1424161383193_uid:1641101363_sid:14_count:140_{""listing_id"":262495,""source"":""Report_this_listing"",""city"":""mumbai"",""service"":""rent"",""location_type"":""poly"",""polygon_id"":""dce9290ec3fe8834a293"",""polygon_name"":""powai"",""referrer"":"""",""experiments"":""{\""rent_sell_property\"":\""rent_sell\"",\""index_view_type\"":\""grid\""}"",""device"":""desktop"",""index_view_type"":""map_view"",""page_type"":""rent-service_details-page"",""clid"":""null""}",
44,Map > Info window open,Infowindow-rent,infowindow,scroll_to_tab_details,"timeStamp:1424245474665_uid:1641101363_sid:17_count:50_{""listing_id"":290115,""city"":""mumbai"",""service"":""rent"",""location_type"":""poly"",""polygon_id"":""dce9290ec3fe8834a293"",""polygon_name"":""powai"",""referrer"":"""",""experiments"":""{\""rent_sell_property\"":\""rent_sell\""}"",""device"":""desktop"",""index_view_type"":""map_view"",""page_type"":""rent-service_details-page"",""clid"":""null""}",
61,List > Open info window,Infowindow-rent,infowindow,Opened tab - slideshow,"timeStamp:1424246284089_uid:1641101363_sid:17_count:93_{""city"":""mumbai"",""flat_id"":null,""service"":""rent"",""location_type"":""poly"",""polygon_id"":""dce9290ec3fe8834a293"",""polygon_name"":""powai"",""referrer"":"""",""experiments"":""{\""rent_sell_property\"":\""rent_sell\""}"",""device"":""desktop"",""index_view_type"":""grid_view"",""page_type"":""rent-service_results-page"",""clid"":""dd882b72-d033-487c-b045-9fbd9aa59d8c""}",
62,List > view image (side arrow),Infowindow-rent,infowindow,viewed last-image,"timeStamp:1424246473233_uid:1641101363_sid:17_count:95_{""city"":""mumbai"",""flat_id"":null,""service"":""rent"",""location_type"":""poly"",""polygon_id"":""dce9290ec3fe8834a293"",""polygon_name"":""powai"",""referrer"":"""",""experiments"":""{\""rent_sell_property\"":\""rent_sell\""}"",""device"":""desktop"",""index_view_type"":""grid_view"",""page_type"":""rent-service_results-page"",""clid"":""dd882b72-d033-487c-b045-9fbd9aa59d8c""}",
67,List > open amenities,Infowindow-rent,infowindow,show_amenities_grid,"timeStamp:1424246713357_uid:1641101363_sid:17_count:98_{""id"":285317,""city"":""mumbai"",""service"":""rent"",""location_type"":""poly"",""polygon_id"":""dce9290ec3fe8834a293"",""polygon_name"":""powai"",""referrer"":"""",""experiments"":""{\""rent_sell_property\"":\""rent_sell\""}"",""device"":""desktop"",""index_view_type"":""grid_view"",""page_type"":""rent-service_results-page"",""clid"":""dd882b72-d033-487c-b045-9fbd9aa59d8c""}",
95,Infowindow > scroll,Infowindow-serviced-apartments,infowindow,scroll_to_tab_locality,"timeStamp:1424851634683_uid:1344882930_sid:28_count:22_{""listing_id"":379,""city"":""bangalore"",""service"":""serviced-apartments"",""location_type"":""poly"",""polygon_id"":""d016aca9b7322bc7943f"",""polygon_name"":""koramangala"",""referrer"":"""",""experiments"":""{\""rent_sell_property\"":\""rent_sell\""}"",""device"":""desktop"",""index_view_type"":""map_view"",""page_type"":""serviced-apartments-service_details-page"",""clid"":""null""}",
96,Infowindow > scroll,Infowindow-serviced-apartments,infowindow,scroll_to_tab_commute,"timeStamp:1424851697214_uid:1344882930_sid:28_count:23_{""listing_id"":379,""city"":""bangalore"",""service"":""serviced-apartments"",""location_type"":""poly"",""polygon_id"":""d016aca9b7322bc7943f"",""polygon_name"":""koramangala"",""referrer"":"""",""experiments"":""{\""rent_sell_property\"":\""rent_sell\""}"",""device"":""desktop"",""index_view_type"":""map_view"",""page_type"":""serviced-apartments-service_details-page"",""clid"":""null""}",
97,Infowindow > scroll,Infowindow-serviced-apartments,infowindow,scroll_to_tab_amenities,"timeStamp:1424851723250_uid:1344882930_sid:28_count:24_{""listing_id"":379,""city"":""bangalore"",""service"":""serviced-apartments"",""location_type"":""poly"",""polygon_id"":""d016aca9b7322bc7943f"",""polygon_name"":""koramangala"",""referrer"":"""",""experiments"":""{\""rent_sell_property\"":\""rent_sell\""}"",""device"":""desktop"",""index_view_type"":""map_view"",""page_type"":""serviced-apartments-service_details-page"",""clid"":""null""}",
94,Infowindow > scroll,Infowindowserviced-apartments,infowindow,tariff_details,"timeStamp:1424851409267_uid:1344882930_sid:28_count:18_{""selected_option"":""15_days"",""city"":""bangalore"",""service"":""serviced-apartments"",""location_type"":""poly"",""polygon_id"":""d016aca9b7322bc7943f"",""polygon_name"":""koramangala"",""referrer"":"""",""experiments"":""{\""rent_sell_property\"":\""rent_sell\""}"",""device"":""desktop"",""index_view_type"":""map_view"",""page_type"":""serviced-apartments-service_details-page"",""clid"":""null""}",
25,Map > Locality > Hospitals +,Neighbourhood Usage,infowindow,hospital,"timeStamp:1424161020611_uid:1641101363_sid:14_count:129_{""id"":262495,""distance"":""2.0_km"",""number"":5,""city"":""mumbai"",""service"":""rent"",""location_type"":""poly"",""polygon_id"":""dce9290ec3fe8834a293"",""polygon_name"":""powai"",""referrer"":"""",""experiments"":""{\""rent_sell_property\"":\""rent_sell\"",\""index_view_type\"":\""grid\""}"",""device"":""desktop"",""index_view_type"":""map_view"",""page_type"":""rent-service_details-page"",""clid"":""null""}",
26,Map > Locality > Pharmacy +,Neighbourhood Usage,infowindow,pharmacy,"timeStamp:1424161142644_uid:1641101363_sid:14_count:135_{""id"":262495,""distance"":""2.0_km"",""number"":5,""city"":""mumbai"",""service"":""rent"",""location_type"":""poly"",""polygon_id"":""dce9290ec3fe8834a293"",""polygon_name"":""powai"",""referrer"":"""",""experiments"":""{\""rent_sell_property\"":\""rent_sell\"",\""index_view_type\"":\""grid\""}"",""device"":""desktop"",""index_view_type"":""map_view"",""page_type"":""rent-service_details-page"",""clid"":""null""}",
27,Map > Locality > Grocery +,Neighbourhood Usage,infowindow,grocery,"timeStamp:1424161138693_uid:1641101363_sid:14_count:134_{""id"":262495,""distance"":""2.0_km"",""number"":5,""city"":""mumbai"",""service"":""rent"",""location_type"":""poly"",""polygon_id"":""dce9290ec3fe8834a293"",""polygon_name"":""powai"",""referrer"":"""",""experiments"":""{\""rent_sell_property\"":\""rent_sell\"",\""index_view_type\"":\""grid\""}"",""device"":""desktop"",""index_view_type"":""map_view"",""page_type"":""rent-service_details-page"",""clid"":""null""}",
28,Map > Locality > Bar night clubs +,Neighbourhood Usage,infowindow,bar_night_club,"timeStamp:1424161115005_uid:1641101363_sid:14_count:133_{""id"":262495,""distance"":""2.0_km"",""number"":5,""city"":""mumbai"",""service"":""rent"",""location_type"":""poly"",""polygon_id"":""dce9290ec3fe8834a293"",""polygon_name"":""powai"",""referrer"":"""",""experiments"":""{\""rent_sell_property\"":\""rent_sell\"",\""index_view_type\"":\""grid\""}"",""device"":""desktop"",""index_view_type"":""map_view"",""page_type"":""rent-service_details-page"",""clid"":""null""}",
29,Map > Locality > Resturant +,Neighbourhood Usage,infowindow,restaurant,"timeStamp:1424161111772_uid:1641101363_sid:14_count:132_{""id"":262495,""distance"":""2.0_km"",""number"":5,""city"":""mumbai"",""service"":""rent"",""location_type"":""poly"",""polygon_id"":""dce9290ec3fe8834a293"",""polygon_name"":""powai"",""referrer"":"""",""experiments"":""{\""rent_sell_property\"":\""rent_sell\"",\""index_view_type\"":\""grid\""}"",""device"":""desktop"",""index_view_type"":""map_view"",""page_type"":""rent-service_details-page"",""clid"":""null""}",
30,Map > Locality > Park +,Neighbourhood Usage,infowindow,park,"timeStamp:1424161102892_uid:1641101363_sid:14_count:131_{""id"":262495,""distance"":""2.0_km"",""number"":5,""city"":""mumbai"",""service"":""rent"",""location_type"":""poly"",""polygon_id"":""dce9290ec3fe8834a293"",""polygon_name"":""powai"",""referrer"":"""",""experiments"":""{\""rent_sell_property\"":\""rent_sell\"",\""index_view_type\"":\""grid\""}"",""device"":""desktop"",""index_view_type"":""map_view"",""page_type"":""rent-service_details-page"",""clid"":""null""}",
31,Map > Locality > School +,Neighbourhood Usage,infowindow,school,"timeStamp:1424161095454_uid:1641101363_sid:14_count:130_{""id"":262495,""distance"":""2.0_km"",""number"":5,""city"":""mumbai"",""service"":""rent"",""location_type"":""poly"",""polygon_id"":""dce9290ec3fe8834a293"",""polygon_name"":""powai"",""referrer"":"""",""experiments"":""{\""rent_sell_property\"":\""rent_sell\"",\""index_view_type\"":\""grid\""}"",""device"":""desktop"",""index_view_type"":""map_view"",""page_type"":""rent-service_details-page"",""clid"":""null""}",
,Map > Locality > Departmental stores +,Neighbourhood Usage,infowindow,grocery,"timeStamp:1424244849925_uid:1641101363_sid:17_count:36_{""id"":6697,""distance"":""2.0_km"",""number"":5,""city"":""mumbai"",""service"":""rent"",""location_type"":""poly"",""polygon_id"":""dce9290ec3fe8834a293"",""polygon_name"":""powai"",""referrer"":"""",""experiments"":""{\""rent_sell_property\"":\""rent_sell\""}"",""device"":""desktop"",""index_view_type"":""map_view"",""page_type"":""rent-service_details-page"",""clid"":""dd882b72-d033-487c-b045-9fbd9aa59d8c""}",
32,Map > Share Mail,Share,infowindow,share,"timeStamp:1424161378080_uid:1641101363_sid:14_count:139_{""city"":""mumbai"",""service"":""rent"",""title"":""1_R_Apartment_in_Chandivali_Farm_Road,_Near_D_Mart,_Chandivali,_Powai_for_rent_-_Mumbai_|_Housing.com"",""share_url"":""https://housing.com/in/mumbai/rent/262495-1-r-apartment-in-powai-for-rs-8000"",""medium"":""gmail"",""location_type"":""poly"",""polygon_id"":""dce9290ec3fe8834a293"",""polygon_name"":""powai"",""referrer"":"""",""experiments"":""{\""rent_sell_property\"":\""rent_sell\"",\""index_view_type\"":\""grid\""}"",""device"":""desktop"",""index_view_type"":""map_view"",""page_type"":""rent-service_details-page"",""clid"":""null""}",
33,Map > Share Twitter,Share,infowindow,share,"timeStamp:1424161372844_uid:1641101363_sid:14_count:138_{""city"":""mumbai"",""service"":""rent"",""title"":""1_R_Apartment_in_Chandivali_Farm_Road,_Near_D_Mart,_Chandivali,_Powai_for_rent_-_Mumbai_|_Housing.com"",""share_url"":""https://housing.com/in/mumbai/rent/262495-1-r-apartment-in-powai-for-rs-8000"",""medium"":""twitter"",""location_type"":""poly"",""polygon_id"":""dce9290ec3fe8834a293"",""polygon_name"":""powai"",""referrer"":"""",""experiments"":""{\""rent_sell_property\"":\""rent_sell\"",\""index_view_type\"":\""grid\""}"",""device"":""desktop"",""index_view_type"":""map_view"",""page_type"":""rent-service_details-page"",""clid"":""null""}",
34,Map > Share Facebook,Share,infowindow,share,"timeStamp:1424161353618_uid:1641101363_sid:14_count:137_{""city"":""mumbai"",""service"":""rent"",""title"":""1_R_Apartment_in_Chandivali_Farm_Road,_Near_D_Mart,_Chandivali,_Powai_for_rent_-_Mumbai_|_Housing.com"",""share_url"":""https://housing.com/in/mumbai/rent/262495-1-r-apartment-in-powai-for-rs-8000"",""medium"":""fb"",""location_type"":""poly"",""polygon_id"":""dce9290ec3fe8834a293"",""polygon_name"":""powai"",""referrer"":"""",""experiments"":""{\""rent_sell_property\"":\""rent_sell\"",\""index_view_type\"":\""grid\""}"",""device"":""desktop"",""index_view_type"":""map_view"",""page_type"":""rent-service_details-page"",""clid"":""null""}",
54,Map > Shortlist > share > mail,Share,infowindow,share,"timeStamp:1424166458991_uid:1641101363_sid:15_count:63_{""city"":""mumbai"",""service"":""rent"",""title"":""Share_Shortlist"",""share_url"":""https://housing.com/in/rent/compare-shortlist?ids=193249,188575"",""medium"":""gmail"",""location_type"":""poly"",""polygon_id"":""dce9290ec3fe8834a293"",""polygon_name"":""powai"",""referrer"":"""",""experiments"":""{\""rent_sell_property\"":\""rent_sell\"",\""index_view_type\"":\""grid\""}"",""device"":""desktop"",""index_view_type"":""map_view"",""page_type"":""rent-service_compare-page_shortlist"",""clid"":""dd882b72-d033-487c-b045-9fbd9aa59d8c""}",
55,Map > Shortlist > share > twitter,Share,infowindow,share,"timeStamp:1424166456171_uid:1641101363_sid:15_count:62_{""city"":""mumbai"",""service"":""rent"",""title"":""Share_Shortlist"",""share_url"":""https://housing.com/in/rent/compare-shortlist?ids=193249,188575"",""medium"":""twitter"",""location_type"":""poly"",""polygon_id"":""dce9290ec3fe8834a293"",""polygon_name"":""powai"",""referrer"":"""",""experiments"":""{\""rent_sell_property\"":\""rent_sell\"",\""index_view_type\"":\""grid\""}"",""device"":""desktop"",""index_view_type"":""map_view"",""page_type"":""rent-service_compare-page_shortlist"",""clid"":""dd882b72-d033-487c-b045-9fbd9aa59d8c""}",
56,Map > Shortlist > share > facebook,Share,infowindow,share,"timeStamp:1424166451239_uid:1641101363_sid:15_count:61_{""city"":""mumbai"",""service"":""rent"",""title"":""Share_Shortlist"",""share_url"":""https://housing.com/in/rent/compare-shortlist?ids=193249,188575"",""medium"":""fb"",""location_type"":""poly"",""polygon_id"":""dce9290ec3fe8834a293"",""polygon_name"":""powai"",""referrer"":"""",""experiments"":""{\""rent_sell_property\"":\""rent_sell\"",\""index_view_type\"":\""grid\""}"",""device"":""desktop"",""index_view_type"":""map_view"",""page_type"":""rent-service_compare-page_shortlist"",""clid"":""dd882b72-d033-487c-b045-9fbd9aa59d8c""}",
57,Map > Shortlist > share open,Share,infowindow,open,"timeStamp:1424166440321_uid:1641101363_sid:15_count:60_{""city"":""mumbai"",""service"":""rent"",""title"":""Share_Shortlist"",""share_url"":""https://housing.com/in/rent/compare-shortlist?ids=193249,188575"",""location_type"":""poly"",""polygon_id"":""dce9290ec3fe8834a293"",""polygon_name"":""powai"",""referrer"":"""",""experiments"":""{\""rent_sell_property\"":\""rent_sell\"",\""index_view_type\"":\""grid\""}"",""device"":""desktop"",""index_view_type"":""map_view"",""page_type"":""rent-service_compare-page_shortlist"",""clid"":""dd882b72-d033-487c-b045-9fbd9aa59d8c""}",
13,Map > sort by,Sorting_options,infowindow,rent,"timeStamp:1424159368521_uid:1641101363_sid:14_count:75_{""city"":""mumbai"",""service"":""rent"",""sort_order"":""increasing"",""location_type"":""poly"",""polygon_id"":""dce9290ec3fe8834a293"",""polygon_name"":""powai"",""referrer"":"""",""experiments"":""{\""rent_sell_property\"":\""rent_sell\"",\""index_view_type\"":\""grid\""}"",""device"":""desktop"",""index_view_type"":""map_view"",""page_type"":""rent-service_results-page"",""clid"":""null""}",
70,List > Relevance,Sorting_options,infowindow,relevance,"timeStamp:1424247217064_uid:1641101363_sid:17_count:111_{""city"":""mumbai"",""service"":""rent"",""sort_order"":""increasing"",""location_type"":""poly"",""polygon_id"":""dce9290ec3fe8834a293"",""polygon_name"":""powai"",""referrer"":"""",""experiments"":""{\""rent_sell_property\"":\""rent_sell\""}"",""device"":""desktop"",""index_view_type"":""grid_view"",""page_type"":""rent-service_results-page"",""clid"":""dd882b72-d033-487c-b045-9fbd9aa59d8c""}",
71,List > Date added,Sorting_options,infowindow,date_added,"timeStamp:1424247171825_uid:1641101363_sid:17_count:109_{""city"":""mumbai"",""service"":""rent"",""sort_order"":""decreasing"",""location_type"":""poly"",""polygon_id"":""dce9290ec3fe8834a293"",""polygon_name"":""powai"",""referrer"":"""",""experiments"":""{\""rent_sell_property\"":\""rent_sell\""}"",""device"":""desktop"",""index_view_type"":""grid_view"",""page_type"":""rent-service_results-page"",""clid"":""dd882b72-d033-487c-b045-9fbd9aa59d8c""}",
72,List > Price low/high,Sorting_options,infowindow,rent,"timeStamp:1424247438987_uid:1641101363_sid:17_count:121_{""city"":""mumbai"",""service"":""rent"",""sort_order"":""decreasing"",""location_type"":""poly"",""polygon_id"":""dce9290ec3fe8834a293"",""polygon_name"":""powai"",""referrer"":"""",""experiments"":""{\""rent_sell_property\"":\""rent_sell\""}"",""device"":""desktop"",""index_view_type"":""grid_view"",""page_type"":""rent-service_results-page"",""clid"":""dd882b72-d033-487c-b045-9fbd9aa59d8c""}",
47,Map > Get alert side list,SubscribeAlert,infowindow,open,"timeStamp:1424165428853_uid:1641101363_sid:15_count:37_{""city"":""mumbai"",""service"":""rent"",""source"":""list_view"",""location_type"":""poly"",""polygon_id"":""dce9290ec3fe8834a293"",""polygon_name"":""powai"",""referrer"":"""",""experiments"":""{\""rent_sell_property\"":\""rent_sell\"",\""index_view_type\"":\""grid\""}"",""device"":""desktop"",""index_view_type"":""map_view"",""page_type"":""rent-service_results-page"",""clid"":""dd882b72-d033-487c-b045-9fbd9aa59d8c""}",
48,Map > Get alert subscribe ,SubscribeAlert,infowindow,submit,"timeStamp:1424165506745_uid:1641101363_sid:15_count:39_{""city"":""mumbai"",""service"":""rent"",""subscription_filters"":""{\""loct\"":\""poly\"",\""poly\"":\""dce9290ec3fe8834a293\"",\""map_arrange\"":\""rent\"",\""sort_key\"":\""rent\""}"",""name"":""Aditi"",""mailing_option"":2,""location_type"":""poly"",""polygon_id"":""dce9290ec3fe8834a293"",""polygon_name"":""powai"",""referrer"":"""",""experiments"":""{\""rent_sell_property\"":\""rent_sell\"",\""index_view_type\"":\""grid\""}"",""device"":""desktop"",""index_view_type"":""map_view"",""page_type"":""rent-service_results-page"",""clid"":""dd882b72-d033-487c-b045-9fbd9aa59d8c""}",
63,List view,View-selection,infowindow,grid_view_select,"timeStamp:1424167992226_uid:1641101363_sid:15_count:110_{""from"":""switch"",""city"":""mumbai"",""service"":""rent"",""location_type"":""poly"",""polygon_id"":""dce9290ec3fe8834a293"",""polygon_name"":""powai"",""referrer"":"""",""experiments"":""{\""rent_sell_property\"":\""rent_sell\"",\""index_view_type\"":\""grid\""}"",""device"":""desktop"",""index_view_type"":""grid_view"",""page_type"":""rent-service_results-page"",""clid"":""dd882b72-d033-487c-b045-9fbd9aa59d8c""}",
40,Map > Sign in,login,login,submitted_login_success,"timeStamp:1424164419910_uid:1641101363_sid:15_count:12_{""service"":""rent"",""uuid"":""dd882b72-d033-487c-b045-9fbd9aa59d8c"",""name"":""Aditi"",""email"":""aditic000@gmail.com"",""phone"":null,""connected_through"":""housing"",""city"":""mumbai"",""location_type"":""poly"",""polygon_id"":""dce9290ec3fe8834a293"",""polygon_name"":""powai"",""referrer"":"""",""experiments"":""{\""rent_sell_property\"":\""rent_sell\"",\""index_view_type\"":\""grid\""}"",""device"":""desktop"",""index_view_type"":""map_view"",""page_type"":""rent-service_details-page"",""clid"":""dd882b72-d033-487c-b045-9fbd9aa59d8c""}",
40,Map > Sign in,login,login,submitted_login,"timeStamp:1424164419616_uid:1641101363_sid:15_count:11_{""service"":""rent"",""city"":""mumbai"",""location_type"":""poly"",""polygon_id"":""dce9290ec3fe8834a293"",""polygon_name"":""powai"",""referrer"":"""",""experiments"":""{\""rent_sell_property\"":\""rent_sell\"",\""index_view_type\"":\""grid\""}"",""device"":""desktop"",""index_view_type"":""map_view"",""page_type"":""rent-service_details-page"",""clid"":""null""}",
S no,Description,Event Category,New Category,Event Action,Event Label,
12,Map > Locality expert,Promoted-Entity,promoted_entity,"toggle, goto-url, open_crf","timeStamp:1424159170957_uid:1641101363_sid:14_count:72_{""city"":""mumbai"",""service"":""rent"",""location_type"":""poly"",""polygon_id"":""dce9290ec3fe8834a293"",""polygon_name"":""powai"",""referrer"":"""",""experiments"":""{\""rent_sell_property\"":\""rent_sell\"",\""index_view_type\"":\""grid\""}"",""device"":""desktop"",""index_view_type"":""map_view"",""page_type"":""rent-service_results-page"",""clid"":""null""}",
93,Filter > more > done,FILTERS TOGGLES,search,toggle_filters,"timeStamp:1424786750198_uid:1344882930_sid:27_count:200_{""filters_selected"":""{\""nearby\"":{\""name\"":null,\""lat\"":null,\""lng\"":null,\""rad\"":null},\""loct\"":\""poly\"",\""poly\"":{\""id\"":\""b3318a015c7442124161\"",\""buffer\"":false},\""est\"":{\""id\"":null,\""radius\"":500},\""age\"":{\""since\"":0,\""range\"":{\""t\"":\""24/2/2015\"",\""f\"":\""24/2/2015\""}},\""apartment_types\"":[2,3],\""furnish_types\"":[2],\""lease_types\"":[1,3],\""owner_types\"":[2,1],\""ac_count\"":1,\""cupboard_count\"":1,\""override_radius\"":true,\""map_arrange\"":\""date_added_in_seconds\"",\""sort_key\"":\""relevance\"",\""sort_order\"":\""true\"",\""page_num\"":1}"",""city"":""mumbai"",""service"":""rent"",""location_type"":""poly"",""polygon_id"":""b3318a015c7442124161"",""polygon_name"":""ghatkopar_east"",""referrer"":"""",""experiments"":""{\""rent_sell_property\"":\""rent_sell\""}"",""device"":""desktop"",""index_view_type"":""map_view"",""page_type"":""rent-service_results-page"",""clid"":""null""}",
2,Rent > Search,Filters-rent,search,locality_home_page,"timeStamp:1424156739759_uid:1641101363_sid:14_count:27_{""rank"":1,""source"":""recent"",""value"":""Powai,_Mumbai,_Maharashtra"",""query"":"""",""query_len"":0,""polygon_id"":""dce9290ec3fe8834a293"",""super_type"":""polygon"",""city"":"""",""service"":""rent"",""referrer"":"""",""experiments"":""{\""rent_sell_property\"":\""rent_sell\"",\""index_view_type\"":\""grid\""}"",""device"":""desktop"",""index_view_type"":""map_view"",""page_type"":""rent-service_locality-selection-page"",""clid"":""null""}",
3,Filter > bhk,Filters-rent,search,apartment_types,"timeStamp:1424243785530_uid:1641101363_sid:17_count:12_{""city"":""mumbai"",""type"":""1_BHK_[_30_]"",""selection"":""true"",""filters_selected"":""{\""nearby\"":{\""name\"":null,\""lat\"":null,\""lng\"":null,\""rad\"":null},\""loct\"":\""poly\"",\""poly\"":{\""id\"":\""dce9290ec3fe8834a293\"",\""buffer\"":false},\""est\"":{\""id\"":null,\""radius\"":500},\""age\"":{\""since\"":null,\""range\"":{\""f\"":null,\""t\"":null}},\""apartment_types\"":[2],\""override_radius\"":true,\""map_arrange\"":\""date_added_in_seconds\"",\""sort_key\"":\""relevance\"",\""sort_order\"":\""true\"",\""page_num\"":1}"",""service"":""rent"",""location_type"":""poly"",""polygon_id"":""dce9290ec3fe8834a293"",""polygon_name"":""powai"",""referrer"":"""",""experiments"":""{\""rent_sell_property\"":\""rent_sell\""}"",""device"":""desktop"",""index_view_type"":""grid_view"",""page_type"":""rent-service_results-page"",""clid"":""dd882b72-d033-487c-b045-9fbd9aa59d8c""}",
5,Filter > Occupancy type,Filters-rent,search,lease_type,"timeStamp:1424244148853_uid:1641101363_sid:17_count:20_{""city"":""mumbai"",""type"":""Family_Only_[_8_]"",""selection"":""true"",""filters_selected"":""{\""nearby\"":{\""name\"":null,\""lat\"":null,\""lng\"":null,\""rad\"":null},\""loct\"":\""poly\"",\""poly\"":{\""id\"":\""dce9290ec3fe8834a293\"",\""buffer\"":false},\""est\"":{\""id\"":null,\""radius\"":500},\""age\"":{\""since\"":null,\""range\"":{\""f\"":null,\""t\"":null}},\""apartment_types\"":[2,3],\""lease_types\"":[1],\""min_rent\"":10000,\""max_rent\"":25000,\""override_radius\"":true,\""map_arrange\"":\""date_added_in_seconds\"",\""sort_key\"":\""relevance\"",\""sort_order\"":\""true\"",\""page_num\"":1}"",""service"":""rent"",""location_type"":""poly"",""polygon_id"":""dce9290ec3fe8834a293"",""polygon_name"":""powai"",""referrer"":"""",""experiments"":""{\""rent_sell_property\"":\""rent_sell\""}"",""device"":""desktop"",""index_view_type"":""grid_view"",""page_type"":""rent-service_results-page"",""clid"":""dd882b72-d033-487c-b045-9fbd9aa59d8c""}",
6,Filter > List by,Filters-rent,search,owner_type,"timeStamp:1424244229520_uid:1641101363_sid:17_count:22_{""city"":""mumbai"",""type"":""Brokers_[_8_]"",""selection"":""true"",""filters_selected"":""{\""nearby\"":{\""name\"":null,\""lat\"":null,\""lng\"":null,\""rad\"":null},\""loct\"":\""poly\"",\""poly\"":{\""id\"":\""dce9290ec3fe8834a293\"",\""buffer\"":false},\""est\"":{\""id\"":null,\""radius\"":500},\""age\"":{\""since\"":null,\""range\"":{\""f\"":null,\""t\"":null}},\""apartment_types\"":[2,3],\""lease_types\"":[1],\""min_rent\"":10000,\""max_rent\"":25000,\""owner_types\"":[1],\""override_radius\"":true,\""map_arrange\"":\""date_added_in_seconds\"",\""sort_key\"":\""relevance\"",\""sort_order\"":\""true\"",\""page_num\"":1}"",""service"":""rent"",""location_type"":""poly"",""polygon_id"":""dce9290ec3fe8834a293"",""polygon_name"":""powai"",""referrer"":"""",""experiments"":""{\""rent_sell_property\"":\""rent_sell\""}"",""device"":""desktop"",""index_view_type"":""grid_view"",""page_type"":""rent-service_results-page"",""clid"":""dd882b72-d033-487c-b045-9fbd9aa59d8c""}",
8,Reset,Filters-rent,search,reset_filters,"timeStamp:1424244447695_uid:1641101363_sid:17_count:29_{""city"":""mumbai"",""filters_reset"":""{\""nearby\"":{\""name\"":null,\""lat\"":null,\""lng\"":null,\""rad\"":null},\""loct\"":\""poly\"",\""poly\"":{\""id\"":\""dce9290ec3fe8834a293\"",\""buffer\"":false},\""est\"":{\""id\"":null,\""radius\"":500},\""age\"":{\""since\"":null,\""range\"":{\""f\"":null,\""t\"":null}},\""override_radius\"":true,\""map_arrange\"":\""date_added_in_seconds\"",\""sort_key\"":\""relevance\"",\""sort_order\"":\""true\"",\""page_num\"":1}"",""service"":""rent"",""location_type"":""poly"",""polygon_id"":""dce9290ec3fe8834a293"",""polygon_name"":""powai"",""referrer"":"""",""experiments"":""{\""rent_sell_property\"":\""rent_sell\""}"",""device"":""desktop"",""index_view_type"":""grid_view"",""page_type"":""rent-service_results-page"",""clid"":""dd882b72-d033-487c-b045-9fbd9aa59d8c""}",
9,Map > Zoom in,Filters-rent,search,plus,"timeStamp:1424158755891_uid:1641101363_sid:14_count:56_{""zoom"":15,""city"":""mumbai"",""service"":""rent"",""location_type"":""poly"",""polygon_id"":""dce9290ec3fe8834a293"",""polygon_name"":""powai"",""referrer"":"""",""experiments"":""{\""rent_sell_property\"":\""rent_sell\"",\""index_view_type\"":\""grid\""}"",""device"":""desktop"",""index_view_type"":""map_view"",""page_type"":""rent-service_results-page"",""clid"":""null""}",
10,Map > Zoom out,Filters-rent,search,minus,"timeStamp:1424158878471_uid:1641101363_sid:14_count:57_{""zoom"":15,""city"":""mumbai"",""service"":""rent"",""location_type"":""poly"",""polygon_id"":""dce9290ec3fe8834a293"",""polygon_name"":""powai"",""referrer"":"""",""experiments"":""{\""rent_sell_property\"":\""rent_sell\"",\""index_view_type\"":\""grid\""}"",""device"":""desktop"",""index_view_type"":""map_view"",""page_type"":""rent-service_results-page"",""clid"":""null""}",
11,Map > Include nearby homes,Filters-rent,search,show_nearby_map,"timeStamp:1424159022482_uid:1641101363_sid:14_count:68_{""polygon_id"":""dce9290ec3fe8834a293"",""city"":""mumbai"",""service"":""rent"",""location_type"":""poly"",""polygon_name"":""powai"",""referrer"":"""",""experiments"":""{\""rent_sell_property\"":\""rent_sell\"",\""index_view_type\"":\""grid\""}"",""device"":""desktop"",""index_view_type"":""map_view"",""page_type"":""rent-service_results-page"",""clid"":""null""}",
51,Map > Side list page change,Filters-rent,search,next_page,"timeStamp:1424165780562_uid:1641101363_sid:15_count:52_{""page_num"":3,""city"":""mumbai"",""service"":""rent"",""location_type"":""poly"",""polygon_id"":""dce9290ec3fe8834a293"",""polygon_name"":""powai"",""referrer"":"""",""experiments"":""{\""rent_sell_property\"":\""rent_sell\"",\""index_view_type\"":\""grid\""}"",""device"":""desktop"",""index_view_type"":""map_view"",""page_type"":""rent-service_results-page"",""clid"":""dd882b72-d033-487c-b045-9fbd9aa59d8c""}",
64,List > Quick link,Filters-rent,search,quick_links,"timeStamp:1424169003659_uid:1641101363_sid:15_count:134_{""text"":""2BHK_flats_for_Rent_in_Powai"",""city"":""mumbai"",""service"":""rent"",""location_type"":""poly"",""polygon_id"":""dce9290ec3fe8834a293"",""polygon_name"":""powai"",""referrer"":""https://housing.com/in/rent/search?f=eyJsb2N0IjoicG9seSIsInBvbHkiOnsiaWQiOiJkY2U5MjkwZWMzZmU4ODM0YTI5MyIsImJ1ZmZlciI6ZmFsc2V9fQ%3D%3D"",""experiments"":""{\""rent_sell_property\"":\""rent_sell\"",\""index_view_type\"":\""grid\""}"",""device"":""desktop"",""index_view_type"":""grid_view"",""page_type"":""rent-service_results-page"",""clid"":""dd882b72-d033-487c-b045-9fbd9aa59d8c""}",
65,List > page change,Filters-rent,search,next_page,"timeStamp:1424169072335_uid:1641101363_sid:15_count:137_{""page_num"":2,""city"":""mumbai"",""service"":""rent"",""location_type"":""poly"",""polygon_id"":""dce9290ec3fe8834a293"",""polygon_name"":""powai"",""referrer"":""https://housing.com/in/rent/mumbai/1rk-powai"",""experiments"":""{\""rent_sell_property\"":\""rent_sell\"",\""index_view_type\"":\""grid\""}"",""device"":""desktop"",""index_view_type"":""grid_view"",""page_type"":""rent-service_results-page"",""clid"":""dd882b72-d033-487c-b045-9fbd9aa59d8c""}",
66,List > Near by locality,Filters-rent,search,nearby_localities_grid,"timeStamp:1424169160143_uid:1641101363_sid:15_count:139_{""text"":""2_BHK_in_Andheri_East"",""city"":""mumbai"",""service"":""rent"",""location_type"":""poly"",""polygon_id"":""dce9290ec3fe8834a293"",""polygon_name"":""powai"",""referrer"":""https://housing.com/in/rent/mumbai/1rk-powai"",""experiments"":""{\""rent_sell_property\"":\""rent_sell\"",\""index_view_type\"":\""grid\""}"",""device"":""desktop"",""index_view_type"":""grid_view"",""page_type"":""rent-service_results-page"",""clid"":""dd882b72-d033-487c-b045-9fbd9aa59d8c""}",
68,List > include near by,Filters-rent,search,show_nearby_grid,"timeStamp:1424246981626_uid:1641101363_sid:17_count:106_{""polygon_id"":""dce9290ec3fe8834a293"",""city"":""mumbai"",""service"":""rent"",""location_type"":""poly"",""polygon_name"":""powai"",""referrer"":"""",""experiments"":""{\""rent_sell_property\"":\""rent_sell\""}"",""device"":""desktop"",""index_view_type"":""grid_view"",""page_type"":""rent-service_results-page"",""clid"":""dd882b72-d033-487c-b045-9fbd9aa59d8c""}",
69,List > exclude near by,Filters-rent,search,hide_nearby_grid,"timeStamp:1424247068932_uid:1641101363_sid:17_count:108_{""polygon_id"":""dce9290ec3fe8834a293"",""city"":""mumbai"",""service"":""rent"",""location_type"":""poly"",""polygon_name"":""powai"",""referrer"":"""",""experiments"":""{\""rent_sell_property\"":\""rent_sell\""}"",""device"":""desktop"",""index_view_type"":""grid_view"",""page_type"":""rent-service_results-page"",""clid"":""dd882b72-d033-487c-b045-9fbd9aa59d8c""}",
73,Filter > more,Filters-rent,search,apartment_types,"timeStamp:1424785342734_uid:1344882930_sid:27_count:128_{""city"":""mumbai"",""type"":""1_RK_[_5_]"",""selection"":""false"",""filters_selected"":""{\""nearby\"":{\""name\"":null,\""lat\"":null,\""lng\"":null,\""rad\"":null},\""loct\"":\""poly\"",\""poly\"":{\""id\"":\""b3318a015c7442124161\"",\""buffer\"":false},\""est\"":{\""id\"":null,\""radius\"":500},\""age\"":{\""since\"":null,\""range\"":{\""f\"":null,\""t\"":null}},\""apartment_types\"":[2,3],\""override_radius\"":true,\""map_arrange\"":\""date_added_in_seconds\"",\""sort_key\"":\""relevance\"",\""sort_order\"":\""true\"",\""page_num\"":1}"",""service"":""rent"",""location_type"":""poly"",""polygon_id"":""b3318a015c7442124161"",""polygon_name"":""ghatkopar_east"",""referrer"":"""",""experiments"":""{\""rent_sell_property\"":\""rent_sell\""}"",""device"":""desktop"",""index_view_type"":""map_view"",""page_type"":""rent-service_results-page"",""clid"":""null""}",
74,Filter > more,Filters-rent,search,lease_types,"timeStamp:1424785442858_uid:1344882930_sid:27_count:131_{""city"":""mumbai"",""type"":""Family_Only_[_12_]"",""selection"":""true"",""filters_selected"":""{\""nearby\"":{\""name\"":null,\""lat\"":null,\""lng\"":null,\""rad\"":null},\""loct\"":\""poly\"",\""poly\"":{\""id\"":\""b3318a015c7442124161\"",\""buffer\"":false},\""est\"":{\""id\"":null,\""radius\"":500},\""age\"":{\""since\"":null,\""range\"":{\""f\"":null,\""t\"":null}},\""apartment_types\"":[2,3],\""lease_types\"":[1],\""min_rent\"":5000,\""override_radius\"":true,\""map_arrange\"":\""date_added_in_seconds\"",\""sort_key\"":\""relevance\"",\""sort_order\"":\""true\"",\""page_num\"":1}"",""service"":""rent"",""location_type"":""poly"",""polygon_id"":""b3318a015c7442124161"",""polygon_name"":""ghatkopar_east"",""referrer"":"""",""experiments"":""{\""rent_sell_property\"":\""rent_sell\""}"",""device"":""desktop"",""index_view_type"":""map_view"",""page_type"":""rent-service_results-page"",""clid"":""null""}",
75,Filter > more,Filters-rent,search,owner_types,"timeStamp:1424785630241_uid:1344882930_sid:27_count:150_{""city"":""mumbai"",""type"":""Brokers_[_19_]"",""selection"":""true"",""filters_selected"":""{\""nearby\"":{\""name\"":null,\""lat\"":null,\""lng\"":null,\""rad\"":null},\""loct\"":\""poly\"",\""poly\"":{\""id\"":\""b3318a015c7442124161\"",\""buffer\"":false},\""est\"":{\""id\"":null,\""radius\"":500},\""age\"":{\""since\"":null,\""range\"":{\""f\"":null,\""t\"":null}},\""apartment_types\"":[2,3],\""furnish_types\"":[2,3],\""lease_types\"":[1,3],\""min_rent\"":5000,\""owner_types\"":[2,1],\""override_radius\"":true,\""map_arrange\"":\""date_added_in_seconds\"",\""sort_key\"":\""relevance\"",\""sort_order\"":\""true\"",\""page_num\"":1}"",""service"":""rent"",""location_type"":""poly"",""polygon_id"":""b3318a015c7442124161"",""polygon_name"":""ghatkopar_east"",""referrer"":"""",""experiments"":""{\""rent_sell_property\"":\""rent_sell\""}"",""device"":""desktop"",""index_view_type"":""map_view"",""page_type"":""rent-service_results-page"",""clid"":""null""}",
77,Filter > more,Filters-rent,search,furnish_types,"timeStamp:1424785568784_uid:1344882930_sid:27_count:144_{""city"":""mumbai"",""type"":""Unfurnished_[_2_]"",""selection"":""true"",""filters_selected"":""{\""nearby\"":{\""name\"":null,\""lat\"":null,\""lng\"":null,\""rad\"":null},\""loct\"":\""poly\"",\""poly\"":{\""id\"":\""b3318a015c7442124161\"",\""buffer\"":false},\""est\"":{\""id\"":null,\""radius\"":500},\""age\"":{\""since\"":null,\""range\"":{\""f\"":null,\""t\"":null}},\""apartment_types\"":[2,3],\""furnish_types\"":[2,3],\""lease_types\"":[1,3],\""min_rent\"":5000,\""owner_types\"":[2],\""override_radius\"":true,\""map_arrange\"":\""date_added_in_seconds\"",\""sort_key\"":\""relevance\"",\""sort_order\"":\""true\"",\""page_num\"":1}"",""service"":""rent"",""location_type"":""poly"",""polygon_id"":""b3318a015c7442124161"",""polygon_name"":""ghatkopar_east"",""referrer"":"""",""experiments"":""{\""rent_sell_property\"":\""rent_sell\""}"",""device"":""desktop"",""index_view_type"":""map_view"",""page_type"":""rent-service_results-page"",""clid"":""null""}",
79,Filter > more,Filters-rent,search,date_added,"timeStamp:1424785718986_uid:1344882930_sid:27_count:162_{""city"":""mumbai"",""value"":""age"",""filters_selected"":""{\""nearby\"":{\""name\"":null,\""lat\"":null,\""lng\"":null,\""rad\"":null},\""loct\"":\""poly\"",\""poly\"":{\""id\"":\""b3318a015c7442124161\"",\""buffer\"":false},\""est\"":{\""id\"":null,\""radius\"":500},\""age\"":{\""since\"":0,\""range\"":{\""t\"":\""24/2/2015\"",\""f\"":\""24/2/2015\""}},\""apartment_types\"":[2,3],\""furnish_types\"":[2],\""lease_types\"":[1,3],\""min_rent\"":5000,\""owner_types\"":[2,1],\""override_radius\"":true,\""map_arrange\"":\""date_added_in_seconds\"",\""sort_key\"":\""relevance\"",\""sort_order\"":\""true\"",\""page_num\"":1}"",""service"":""rent"",""location_type"":""poly"",""polygon_id"":""b3318a015c7442124161"",""polygon_name"":""ghatkopar_east"",""referrer"":"""",""experiments"":""{\""rent_sell_property\"":\""rent_sell\""}"",""device"":""desktop"",""index_view_type"":""map_view"",""page_type"":""rent-service_results-page"",""clid"":""null""}",
81,Filter > more,Filters-rent,search,bathroom_count_plus,"timeStamp:1424785801210_uid:1344882930_sid:27_count:165_{""city"":""mumbai"",""value"":1,""filters_selected"":""{\""nearby\"":{\""name\"":null,\""lat\"":null,\""lng\"":null,\""rad\"":null},\""loct\"":\""poly\"",\""poly\"":{\""id\"":\""b3318a015c7442124161\"",\""buffer\"":false},\""est\"":{\""id\"":null,\""radius\"":500},\""age\"":{\""since\"":0,\""range\"":{\""t\"":\""24/2/2015\"",\""f\"":\""24/2/2015\""}},\""apartment_types\"":[2,3],\""furnish_types\"":[2],\""lease_types\"":[1,3],\""min_rent\"":5000,\""owner_types\"":[2,1],\""bathroom_count\"":1,\""override_radius\"":true,\""map_arrange\"":\""date_added_in_seconds\"",\""sort_key\"":\""relevance\"",\""sort_order\"":\""true\"",\""page_num\"":1}"",""service"":""rent"",""location_type"":""poly"",""polygon_id"":""b3318a015c7442124161"",""polygon_name"":""ghatkopar_east"",""referrer"":"""",""experiments"":""{\""rent_sell_property\"":\""rent_sell\""}"",""device"":""desktop"",""index_view_type"":""map_view"",""page_type"":""rent-service_results-page"",""clid"":""null""}",
82,Filter > more,Filters-rent,search,bathroom_count_minus,"timeStamp:1424785853986_uid:1344882930_sid:27_count:168_{""city"":""mumbai"",""value"":0,""filters_selected"":""{\""nearby\"":{\""name\"":null,\""lat\"":null,\""lng\"":null,\""rad\"":null},\""loct\"":\""poly\"",\""poly\"":{\""id\"":\""b3318a015c7442124161\"",\""buffer\"":false},\""est\"":{\""id\"":null,\""radius\"":500},\""age\"":{\""since\"":0,\""range\"":{\""t\"":\""24/2/2015\"",\""f\"":\""24/2/2015\""}},\""apartment_types\"":[2,3],\""furnish_types\"":[2],\""lease_types\"":[1,3],\""min_rent\"":5000,\""owner_types\"":[2,1],\""override_radius\"":true,\""map_arrange\"":\""date_added_in_seconds\"",\""sort_key\"":\""relevance\"",\""sort_order\"":\""true\"",\""page_num\"":1}"",""service"":""rent"",""location_type"":""poly"",""polygon_id"":""b3318a015c7442124161"",""polygon_name"":""ghatkopar_east"",""referrer"":"""",""experiments"":""{\""rent_sell_property\"":\""rent_sell\""}"",""device"":""desktop"",""index_view_type"":""map_view"",""page_type"":""rent-service_results-page"",""clid"":""null""}",
83,Filter > more,Filters-rent,search,ac_count_plus,"timeStamp:1424785919278_uid:1344882930_sid:27_count:171_{""city"":""mumbai"",""value"":1,""filters_selected"":""{\""nearby\"":{\""name\"":null,\""lat\"":null,\""lng\"":null,\""rad\"":null},\""loct\"":\""poly\"",\""poly\"":{\""id\"":\""b3318a015c7442124161\"",\""buffer\"":false},\""est\"":{\""id\"":null,\""radius\"":500},\""age\"":{\""since\"":0,\""range\"":{\""t\"":\""24/2/2015\"",\""f\"":\""24/2/2015\""}},\""apartment_types\"":[2,3],\""furnish_types\"":[2],\""lease_types\"":[1,3],\""owner_types\"":[2,1],\""ac_count\"":1,\""override_radius\"":true,\""map_arrange\"":\""date_added_in_seconds\"",\""sort_key\"":\""relevance\"",\""sort_order\"":\""true\"",\""page_num\"":1}"",""service"":""rent"",""location_type"":""poly"",""polygon_id"":""b3318a015c7442124161"",""polygon_name"":""ghatkopar_east"",""referrer"":"""",""experiments"":""{\""rent_sell_property\"":\""rent_sell\""}"",""device"":""desktop"",""index_view_type"":""map_view"",""page_type"":""rent-service_results-page"",""clid"":""null""}",
84,Filter > more,Filters-rent,search,ac_count_minus,"timeStamp:1424785966430_uid:1344882930_sid:27_count:179_{""city"":""mumbai"",""value"":1,""filters_selected"":""{\""nearby\"":{\""name\"":null,\""lat\"":null,\""lng\"":null,\""rad\"":null},\""loct\"":\""poly\"",\""poly\"":{\""id\"":\""b3318a015c7442124161\"",\""buffer\"":false},\""est\"":{\""id\"":null,\""radius\"":500},\""age\"":{\""since\"":0,\""range\"":{\""t\"":\""24/2/2015\"",\""f\"":\""24/2/2015\""}},\""apartment_types\"":[2,3],\""furnish_types\"":[2],\""lease_types\"":[1,3],\""owner_types\"":[2,1],\""ac_count\"":1,\""override_radius\"":true,\""map_arrange\"":\""date_added_in_seconds\"",\""sort_key\"":\""relevance\"",\""sort_order\"":\""true\"",\""page_num\"":1}"",""service"":""rent"",""location_type"":""poly"",""polygon_id"":""b3318a015c7442124161"",""polygon_name"":""ghatkopar_east"",""referrer"":"""",""experiments"":""{\""rent_sell_property\"":\""rent_sell\""}"",""device"":""desktop"",""index_view_type"":""map_view"",""page_type"":""rent-service_results-page"",""clid"":""null""}",
86,Filter > more,Filters-rent,search,bed_count_plus,"timeStamp:1424786038947_uid:1344882930_sid:27_count:186_{""city"":""mumbai"",""value"":1,""filters_selected"":""{\""nearby\"":{\""name\"":null,\""lat\"":null,\""lng\"":null,\""rad\"":null},\""loct\"":\""poly\"",\""poly\"":{\""id\"":\""b3318a015c7442124161\"",\""buffer\"":false},\""est\"":{\""id\"":null,\""radius\"":500},\""age\"":{\""since\"":0,\""range\"":{\""t\"":\""24/2/2015\"",\""f\"":\""24/2/2015\""}},\""apartment_types\"":[2,3],\""furnish_types\"":[2],\""lease_types\"":[1,3],\""owner_types\"":[2,1],\""ac_count\"":1,\""bed_count\"":1,\""override_radius\"":true,\""map_arrange\"":\""date_added_in_seconds\"",\""sort_key\"":\""relevance\"",\""sort_order\"":\""true\"",\""page_num\"":1}"",""service"":""rent"",""location_type"":""poly"",""polygon_id"":""b3318a015c7442124161"",""polygon_name"":""ghatkopar_east"",""referrer"":"""",""experiments"":""{\""rent_sell_property\"":\""rent_sell\""}"",""device"":""desktop"",""index_view_type"":""map_view"",""page_type"":""rent-service_results-page"",""clid"":""null""}",
87,Filter > more,Filters-rent,search,bed_count_minus,"timeStamp:1424786066218_uid:1344882930_sid:27_count:188_{""city"":""mumbai"",""value"":0,""filters_selected"":""{\""nearby\"":{\""name\"":null,\""lat\"":null,\""lng\"":null,\""rad\"":null},\""loct\"":\""poly\"",\""poly\"":{\""id\"":\""b3318a015c7442124161\"",\""buffer\"":false},\""est\"":{\""id\"":null,\""radius\"":500},\""age\"":{\""since\"":0,\""range\"":{\""t\"":\""24/2/2015\"",\""f\"":\""24/2/2015\""}},\""apartment_types\"":[2,3],\""furnish_types\"":[2],\""lease_types\"":[1,3],\""owner_types\"":[2,1],\""ac_count\"":1,\""override_radius\"":true,\""map_arrange\"":\""date_added_in_seconds\"",\""sort_key\"":\""relevance\"",\""sort_order\"":\""true\"",\""page_num\"":1}"",""service"":""rent"",""location_type"":""poly"",""polygon_id"":""b3318a015c7442124161"",""polygon_name"":""ghatkopar_east"",""referrer"":"""",""experiments"":""{\""rent_sell_property\"":\""rent_sell\""}"",""device"":""desktop"",""index_view_type"":""map_view"",""page_type"":""rent-service_results-page"",""clid"":""null""}",
88,Filter > more,Filters-rent,search,cupboard_count_plus,"timeStamp:1424786114464_uid:1344882930_sid:27_count:192_{""city"":""mumbai"",""value"":2,""filters_selected"":""{\""nearby\"":{\""name\"":null,\""lat\"":null,\""lng\"":null,\""rad\"":null},\""loct\"":\""poly\"",\""poly\"":{\""id\"":\""b3318a015c7442124161\"",\""buffer\"":false},\""est\"":{\""id\"":null,\""radius\"":500},\""age\"":{\""since\"":0,\""range\"":{\""t\"":\""24/2/2015\"",\""f\"":\""24/2/2015\""}},\""apartment_types\"":[2,3],\""furnish_types\"":[2],\""lease_types\"":[1,3],\""owner_types\"":[2,1],\""ac_count\"":1,\""cupboard_count\"":2,\""override_radius\"":true,\""map_arrange\"":\""date_added_in_seconds\"",\""sort_key\"":\""relevance\"",\""sort_order\"":\""true\"",\""page_num\"":1}"",""service"":""rent"",""location_type"":""poly"",""polygon_id"":""b3318a015c7442124161"",""polygon_name"":""ghatkopar_east"",""referrer"":"""",""experiments"":""{\""rent_sell_property\"":\""rent_sell\""}"",""device"":""desktop"",""index_view_type"":""map_view"",""page_type"":""rent-service_results-page"",""clid"":""null""}",
89,Filter > more,Filters-rent,search,cupboard_count_minus,"timeStamp:1424786171189_uid:1344882930_sid:27_count:194_{""city"":""mumbai"",""value"":1,""filters_selected"":""{\""nearby\"":{\""name\"":null,\""lat\"":null,\""lng\"":null,\""rad\"":null},\""loct\"":\""poly\"",\""poly\"":{\""id\"":\""b3318a015c7442124161\"",\""buffer\"":false},\""est\"":{\""id\"":null,\""radius\"":500},\""age\"":{\""since\"":0,\""range\"":{\""t\"":\""24/2/2015\"",\""f\"":\""24/2/2015\""}},\""apartment_types\"":[2,3],\""furnish_types\"":[2],\""lease_types\"":[1,3],\""owner_types\"":[2,1],\""ac_count\"":1,\""cupboard_count\"":1,\""override_radius\"":true,\""map_arrange\"":\""date_added_in_seconds\"",\""sort_key\"":\""relevance\"",\""sort_order\"":\""true\"",\""page_num\"":1}"",""service"":""rent"",""location_type"":""poly"",""polygon_id"":""b3318a015c7442124161"",""polygon_name"":""ghatkopar_east"",""referrer"":"""",""experiments"":""{\""rent_sell_property\"":\""rent_sell\""}"",""device"":""desktop"",""index_view_type"":""map_view"",""page_type"":""rent-service_results-page"",""clid"":""null""}",
90,Filter > more,Filters-rent,search,tv_count_plus,"timeStamp:1424786187977_uid:1344882930_sid:27_count:196_{""city"":""mumbai"",""value"":1,""filters_selected"":""{\""nearby\"":{\""name\"":null,\""lat\"":null,\""lng\"":null,\""rad\"":null},\""loct\"":\""poly\"",\""poly\"":{\""id\"":\""b3318a015c7442124161\"",\""buffer\"":false},\""est\"":{\""id\"":null,\""radius\"":500},\""age\"":{\""since\"":0,\""range\"":{\""t\"":\""24/2/2015\"",\""f\"":\""24/2/2015\""}},\""apartment_types\"":[2,3],\""furnish_types\"":[2],\""lease_types\"":[1,3],\""owner_types\"":[2,1],\""ac_count\"":1,\""cupboard_count\"":1,\""tv_count\"":1,\""override_radius\"":true,\""map_arrange\"":\""date_added_in_seconds\"",\""sort_key\"":\""relevance\"",\""sort_order\"":\""true\"",\""page_num\"":1}"",""service"":""rent"",""location_type"":""poly"",""polygon_id"":""b3318a015c7442124161"",""polygon_name"":""ghatkopar_east"",""referrer"":"""",""experiments"":""{\""rent_sell_property\"":\""rent_sell\""}"",""device"":""desktop"",""index_view_type"":""map_view"",""page_type"":""rent-service_results-page"",""clid"":""null""}",
92,Filter > more,Filters-rent,search,tv_count_minus,"timeStamp:1424786213065_uid:1344882930_sid:27_count:199_{""city"":""mumbai"",""value"":0,""filters_selected"":""{\""nearby\"":{\""name\"":null,\""lat\"":null,\""lng\"":null,\""rad\"":null},\""loct\"":\""poly\"",\""poly\"":{\""id\"":\""b3318a015c7442124161\"",\""buffer\"":false},\""est\"":{\""id\"":null,\""radius\"":500},\""age\"":{\""since\"":0,\""range\"":{\""t\"":\""24/2/2015\"",\""f\"":\""24/2/2015\""}},\""apartment_types\"":[2,3],\""furnish_types\"":[2],\""lease_types\"":[1,3],\""owner_types\"":[2,1],\""ac_count\"":1,\""cupboard_count\"":1,\""override_radius\"":true,\""map_arrange\"":\""date_added_in_seconds\"",\""sort_key\"":\""relevance\"",\""sort_order\"":\""true\"",\""page_num\"":1}"",""service"":""rent"",""location_type"":""poly"",""polygon_id"":""b3318a015c7442124161"",""polygon_name"":""ghatkopar_east"",""referrer"":"""",""experiments"":""{\""rent_sell_property\"":\""rent_sell\""}"",""device"":""desktop"",""index_view_type"":""map_view"",""page_type"":""rent-service_results-page"",""clid"":""null""}",
7,Filter > more,More filters usage,search,used 1 more filters,"timeStamp:1424244312848_uid:1641101363_sid:17_count:25_{""city"":""mumbai"",""service"":""rent"",""filters"":[""has_sofa""],""filters_selected"":""{\""nearby\"":{\""name\"":null,\""lat\"":null,\""lng\"":null,\""rad\"":null},\""loct\"":\""poly\"",\""poly\"":{\""id\"":\""dce9290ec3fe8834a293\"",\""buffer\"":false},\""est\"":{\""id\"":null,\""radius\"":500},\""age\"":{\""since\"":null,\""range\"":{\""f\"":null,\""t\"":null}},\""apartment_types\"":[2,3],\""lease_types\"":[1],\""min_rent\"":10000,\""max_rent\"":25000,\""owner_types\"":[1],\""has_sofa\"":1,\""override_radius\"":true,\""map_arrange\"":\""date_added_in_seconds\"",\""sort_key\"":\""relevance\"",\""sort_order\"":\""true\"",\""page_num\"":1}"",""location_type"":""poly"",""polygon_id"":""dce9290ec3fe8834a293"",""polygon_name"":""powai"",""referrer"":"""",""experiments"":""{\""rent_sell_property\"":\""rent_sell\""}"",""device"":""desktop"",""index_view_type"":""grid_view"",""page_type"":""rent-service_results-page"",""clid"":""dd882b72-d033-487c-b045-9fbd9aa59d8c""}",
76,Filter > more,MoreFilters Usage,search,used 1 more-filters,,
78,Filter > more,MoreFilters Usage,search,used 2 more-filters,"timeStamp:1424785720559_uid:1344882930_sid:27_count:163_{""city"":""mumbai"",""service"":""rent"",""filters"":[""furnish_types"",""age""],""filters_selected"":""{\""nearby\"":{\""name\"":null,\""lat\"":null,\""lng\"":null,\""rad\"":null},\""loct\"":\""poly\"",\""poly\"":{\""id\"":\""b3318a015c7442124161\"",\""buffer\"":false},\""est\"":{\""id\"":null,\""radius\"":500},\""age\"":{\""since\"":0,\""range\"":{\""t\"":\""24/2/2015\"",\""f\"":\""24/2/2015\""}},\""apartment_types\"":[2,3],\""furnish_types\"":[2],\""lease_types\"":[1,3],\""min_rent\"":5000,\""owner_types\"":[2,1],\""override_radius\"":true,\""map_arrange\"":\""date_added_in_seconds\"",\""sort_key\"":\""relevance\"",\""sort_order\"":\""true\"",\""page_num\"":1}"",""location_type"":""poly"",""polygon_id"":""b3318a015c7442124161"",""polygon_name"":""ghatkopar_east"",""referrer"":"""",""experiments"":""{\""rent_sell_property\"":\""rent_sell\""}"",""device"":""desktop"",""index_view_type"":""map_view"",""page_type"":""rent-service_results-page"",""clid"":""null""}",
80,Filter > more,MoreFilters Usage,search,used 3 more-filters,"timeStamp:1424785803889_uid:1344882930_sid:27_count:166_{""city"":""mumbai"",""service"":""rent"",""filters"":[""furnish_types"",""age"",""bathroom_count""],""filters_selected"":""{\""nearby\"":{\""name\"":null,\""lat\"":null,\""lng\"":null,\""rad\"":null},\""loct\"":\""poly\"",\""poly\"":{\""id\"":\""b3318a015c7442124161\"",\""buffer\"":false},\""est\"":{\""id\"":null,\""radius\"":500},\""age\"":{\""since\"":0,\""range\"":{\""t\"":\""24/2/2015\"",\""f\"":\""24/2/2015\""}},\""apartment_types\"":[2,3],\""furnish_types\"":[2],\""lease_types\"":[1,3],\""min_rent\"":5000,\""owner_types\"":[2,1],\""bathroom_count\"":1,\""override_radius\"":true,\""map_arrange\"":\""date_added_in_seconds\"",\""sort_key\"":\""relevance\"",\""sort_order\"":\""true\"",\""page_num\"":1}"",""location_type"":""poly"",""polygon_id"":""b3318a015c7442124161"",""polygon_name"":""ghatkopar_east"",""referrer"":"""",""experiments"":""{\""rent_sell_property\"":\""rent_sell\""}"",""device"":""desktop"",""index_view_type"":""map_view"",""page_type"":""rent-service_results-page"",""clid"":""null""}",
85,Filter > more,MoreFilters Usage,search,used 4 more-filters,"timeStamp:1424785987616_uid:1344882930_sid:27_count:182_{""city"":""mumbai"",""service"":""rent"",""filters"":[""furnish_types"",""age"",""ac_count"",""bed_count""],""filters_selected"":""{\""nearby\"":{\""name\"":null,\""lat\"":null,\""lng\"":null,\""rad\"":null},\""loct\"":\""poly\"",\""poly\"":{\""id\"":\""b3318a015c7442124161\"",\""buffer\"":false},\""est\"":{\""id\"":null,\""radius\"":500},\""age\"":{\""since\"":0,\""range\"":{\""t\"":\""24/2/2015\"",\""f\"":\""24/2/2015\""}},\""apartment_types\"":[2,3],\""furnish_types\"":[2],\""lease_types\"":[1,3],\""owner_types\"":[2,1],\""ac_count\"":1,\""bed_count\"":1,\""override_radius\"":true,\""map_arrange\"":\""date_added_in_seconds\"",\""sort_key\"":\""relevance\"",\""sort_order\"":\""true\"",\""page_num\"":1}"",""location_type"":""poly"",""polygon_id"":""b3318a015c7442124161"",""polygon_name"":""ghatkopar_east"",""referrer"":"""",""experiments"":""{\""rent_sell_property\"":\""rent_sell\""}"",""device"":""desktop"",""index_view_type"":""map_view"",""page_type"":""rent-service_results-page"",""clid"":""null""}",
91,Filter > more,MoreFilters Usage,search,used 5 more-filters,"timeStamp:1424786189572_uid:1344882930_sid:27_count:197_{""city"":""mumbai"",""service"":""rent"",""filters"":[""furnish_types"",""age"",""ac_count"",""cupboard_count"",""tv_count""],""filters_selected"":""{\""nearby\"":{\""name\"":null,\""lat\"":null,\""lng\"":null,\""rad\"":null},\""loct\"":\""poly\"",\""poly\"":{\""id\"":\""b3318a015c7442124161\"",\""buffer\"":false},\""est\"":{\""id\"":null,\""radius\"":500},\""age\"":{\""since\"":0,\""range\"":{\""t\"":\""24/2/2015\"",\""f\"":\""24/2/2015\""}},\""apartment_types\"":[2,3],\""furnish_types\"":[2],\""lease_types\"":[1,3],\""owner_types\"":[2,1],\""ac_count\"":1,\""cupboard_count\"":1,\""tv_count\"":1,\""override_radius\"":true,\""map_arrange\"":\""date_added_in_seconds\"",\""sort_key\"":\""relevance\"",\""sort_order\"":\""true\"",\""page_num\"":1}"",""location_type"":""poly"",""polygon_id"":""b3318a015c7442124161"",""polygon_name"":""ghatkopar_east"",""referrer"":"""",""experiments"":""{\""rent_sell_property\"":\""rent_sell\""}"",""device"":""desktop"",""index_view_type"":""map_view"",""page_type"":""rent-service_results-page"",""clid"":""null""}",
1,Rent,Page-URLs,,label,"timeStamp:1424155680750_uid:1641101363_sid:14_count:18_{""page_type"":""rent-service_locality-selection-page"",""city"":"""",""url"":""/in/rent"",""service"":""rent"",""referrer"":"""",""experiments"":""{\""rent_sell_property\"":\""rent_sell\"",\""index_view_type\"":\""grid\""}"",""device"":""desktop"",""index_view_type"":""map_view"",""clid"":""null""}",
2,Rent > Search,Page-URLs,,label,"timeStamp:1424156747654_uid:1641101363_sid:14_count:29_{""page_type"":""rent-service_results-page"",""city"":""mumbai"",""url"":""/in/rent/search"",""service"":""rent"",""loct"":""poly"",""poly"":{""id"":""dce9290ec3fe8834a293"",""buffer"":false},""location_type"":""poly"",""polygon_id"":""dce9290ec3fe8834a293"",""polygon_name"":""powai"",""referrer"":"""",""experiments"":""{\""rent_sell_property\"":\""rent_sell\"",\""index_view_type\"":\""grid\""}"",""device"":""desktop"",""index_view_type"":""map_view"",""clid"":""null""}",
3,Filter > bhk,Page-URLs,,label,"timeStamp:1424157056082_uid:1641101363_sid:14_count:36_{""page_type"":""rent-service_results-page"",""city"":""mumbai"",""url"":""/in/rent/search"",""service"":""rent"",""loct"":""poly"",""poly"":{""id"":""dce9290ec3fe8834a293"",""buffer"":false},""location_type"":""poly"",""polygon_id"":""dce9290ec3fe8834a293"",""polygon_name"":""powai"",""referrer"":"""",""experiments"":""{\""rent_sell_property\"":\""rent_sell\"",\""index_view_type\"":\""grid\""}"",""device"":""desktop"",""index_view_type"":""map_view"",""clid"":""null""}",
4,Filter > budget,Page-URLs,,label,"timeStamp:1424157395777_uid:1641101363_sid:14_count:37_{""page_type"":""rent-service_results-page"",""city"":""mumbai"",""url"":""/in/rent/search"",""service"":""rent"",""loct"":""poly"",""poly"":{""id"":""dce9290ec3fe8834a293"",""buffer"":false},""min_rent"":10000,""location_type"":""poly"",""polygon_id"":""dce9290ec3fe8834a293"",""polygon_name"":""powai"",""referrer"":"""",""experiments"":""{\""rent_sell_property\"":\""rent_sell\"",\""index_view_type\"":\""grid\""}"",""device"":""desktop"",""index_view_type"":""map_view"",""clid"":""null""}",
5,Filter > Occupancy type,Page-URLs,,label,"timeStamp:1424157536373_uid:1641101363_sid:14_count:38_{""page_type"":""rent-service_results-page"",""city"":""mumbai"",""url"":""/in/rent/search"",""service"":""rent"",""loct"":""poly"",""poly"":{""id"":""dce9290ec3fe8834a293"",""buffer"":false},""lease_types"":[2],""min_rent"":10000,""location_type"":""poly"",""polygon_id"":""dce9290ec3fe8834a293"",""polygon_name"":""powai"",""referrer"":"""",""experiments"":""{\""rent_sell_property\"":\""rent_sell\"",\""index_view_type\"":\""grid\""}"",""device"":""desktop"",""index_view_type"":""map_view"",""clid"":""null""}",
6,Filter > List by,Page-URLs,,label,"timeStamp:1424158149180_uid:1641101363_sid:14_count:44_{""page_type"":""rent-service_results-page"",""city"":""mumbai"",""url"":""/in/rent/search"",""service"":""rent"",""loct"":""poly"",""poly"":{""id"":""dce9290ec3fe8834a293"",""buffer"":false},""lease_types"":[2],""min_rent"":10000,""owner_types"":[2],""location_type"":""poly"",""polygon_id"":""dce9290ec3fe8834a293"",""polygon_name"":""powai"",""referrer"":"""",""experiments"":""{\""rent_sell_property\"":\""rent_sell\"",\""index_view_type\"":\""grid\""}"",""device"":""desktop"",""index_view_type"":""map_view"",""clid"":""null""",
7,Filter > more,Page-URLs,,label,"timeStamp:1424158475389_uid:1641101363_sid:14_count:46_{""page_type"":""rent-service_results-page"",""city"":""mumbai"",""url"":""/in/rent/search"",""service"":""rent"",""loct"":""poly"",""poly"":{""id"":""dce9290ec3fe8834a293"",""buffer"":false},""furnish_types"":[2],""lease_types"":[2],""min_rent"":10000,""owner_types"":[2],""location_type"":""poly"",""polygon_id"":""dce9290ec3fe8834a293"",""polygon_name"":""powai"",""referrer"":"""",""experiments"":""{\""rent_sell_property\"":\""rent_sell\"",\""index_view_type\"":\""grid\""}"",""device"":""desktop"",""index_view_type"":""map_view"",""clid"":""null""}",
8,Reset,Page-URLs,,label,"timeStamp:1424158475389_uid:1641101363_sid:14_count:46_{""page_type"":""rent-service_results-page"",""city"":""mumbai"",""url"":""/in/rent/search"",""service"":""rent"",""loct"":""poly"",""poly"":{""id"":""dce9290ec3fe8834a293"",""buffer"":false},""furnish_types"":[2],""lease_types"":[2],""min_rent"":10000,""owner_types"":[2],""location_type"":""poly"",""polygon_id"":""dce9290ec3fe8834a293"",""polygon_name"":""powai"",""referrer"":"""",""experiments"":""{\""rent_sell_property\"":\""rent_sell\"",\""index_view_type\"":\""grid\""}"",""device"":""desktop"",""index_view_type"":""map_view"",""clid"":""null""}","timeStamp:1424158475389_uid:1641101363_sid:14_count:46_{""page_type"":""rent-service_results-page"",""city"":""mumbai"",""url"":""/in/rent/search"",""service"":""rent"",""loct"":""poly"",""poly"":{""id"":""dce9290ec3fe8834a293"",""buffer"":false},""furnish_types"":[2],""lease_types"":[2],""min_rent"":10000,""owner_types"":[2],""location_type"":""poly"",""polygon_id"":""dce9290ec3fe8834a293"",""polygon_name"":""powai"",""referrer"":"""",""experiments"":""{\""rent_sell_property\"":\""rent_sell\"",\""index_view_type\"":\""grid\""}"",""device"":""desktop"",""index_view_type"":""map_view"",""clid"":""null""}"
11,Map > Include nearby homes,Page-URLs,,label,"timeStamp:1424159022420_uid:1641101363_sid:14_count:67_{""page_type"":""rent-service_results-page"",""city"":""mumbai"",""url"":""/in/rent/search"",""service"":""rent"",""loct"":""poly"",""poly"":{""id"":""dce9290ec3fe8834a293"",""buffer"":true},""location_type"":""poly"",""polygon_id"":""dce9290ec3fe8834a293"",""polygon_name"":""powai"",""referrer"":"""",""experiments"":""{\""rent_sell_property\"":\""rent_sell\"",\""index_view_type\"":\""grid\""}"",""device"":""desktop"",""index_view_type"":""map_view"",""clid"":""null""}",
13,Map > sort by,Page-URLs,,label,"timeStamp:1424159368700_uid:1641101363_sid:14_count:76_{""page_type"":""rent-service_results-page"",""city"":""mumbai"",""url"":""/in/rent/search"",""service"":""rent"",""loct"":""poly"",""poly"":{""id"":""dce9290ec3fe8834a293"",""buffer"":true},""map_arrange"":""rent"",""sort_key"":""rent"",""location_type"":""poly"",""polygon_id"":""dce9290ec3fe8834a293"",""polygon_name"":""powai"",""referrer"":"""",""experiments"":""{\""rent_sell_property\"":\""rent_sell\"",\""index_view_type\"":\""grid\""}"",""device"":""desktop"",""index_view_type"":""map_view"",""clid"":""null""}",
14,Map > property selected,Page-URLs,,label,"timeStamp:1424159434454_uid:1641101363_sid:14_count:77_{""page_type"":""rent-service_details-page"",""city"":""mumbai"",""url"":""/in/rent/search/262495"",""service"":""rent"",""listing_id"":262495,""loct"":""poly"",""poly"":{""id"":""dce9290ec3fe8834a293"",""buffer"":true},""map_arrange"":""rent"",""sort_key"":""rent"",""location_type"":""poly"",""polygon_id"":""dce9290ec3fe8834a293"",""polygon_name"":""powai"",""referrer"":"""",""experiments"":""{\""rent_sell_property\"":\""rent_sell\"",\""index_view_type\"":\""grid\""}"",""device"":""desktop"",""index_view_type"":""map_view"",""clid"":""null""}",
37,Map > Contact agent,Page-URLs,,label,"timeStamp:1424164031455_uid:1641101363_sid:14_count:154_{""page_type"":""rent-service_details-page"",""city"":""mumbai"",""url"":""/in/rent/search/262495/contact"",""service"":""rent"",""listing_id"":262495,""loct"":""poly"",""poly"":{""id"":""dce9290ec3fe8834a293"",""buffer"":true},""map_arrange"":""rent"",""sort_key"":""rent"",""location_type"":""poly"",""polygon_id"":""dce9290ec3fe8834a293"",""polygon_name"":""powai"",""referrer"":"""",""experiments"":""{\""rent_sell_property\"":\""rent_sell\"",\""index_view_type\"":\""grid\""}"",""device"":""desktop"",""index_view_type"":""map_view"",""clid"":""null""}",
39,Map > Sign up,Page-URLs,,label,"timeStamp:1424164182465_uid:1641101363_sid:14_count:159_{""page_type"":""rent-service_details-page"",""city"":""mumbai"",""url"":""/user-login"",""service"":""rent"",""location_type"":""poly"",""polygon_id"":""dce9290ec3fe8834a293"",""polygon_name"":""powai"",""referrer"":"""",""experiments"":""{\""rent_sell_property\"":\""rent_sell\"",\""index_view_type\"":\""grid\""}"",""device"":""desktop"",""index_view_type"":""map_view"",""clid"":""null""}",
39,Map > Sign up,Page-URLs,,label,"timeStamp:1424164182382_uid:1641101363_sid:14_count:158_{""page_type"":""rent-service_details-page"",""city"":""mumbai"",""url"":""/user-login"",""service"":""rent"",""listing_id"":262495,""location_type"":""poly"",""polygon_id"":""dce9290ec3fe8834a293"",""polygon_name"":""powai"",""referrer"":"""",""experiments"":""{\""rent_sell_property\"":\""rent_sell\"",\""index_view_type\"":\""grid\""}"",""device"":""desktop"",""index_view_type"":""map_view"",""clid"":""null""}",
40,Map > Sign in,Page-URLs,,label,"timeStamp:1424164420431_uid:1641101363_sid:15_count:13_{""page_type"":""rent-service_details-page"",""city"":""mumbai"",""url"":""/in/rent/search/262495"",""service"":""rent"",""listing_id"":262495,""loct"":""poly"",""poly"":{""id"":""dce9290ec3fe8834a293"",""buffer"":true},""map_arrange"":""rent"",""sort_key"":""rent"",""location_type"":""poly"",""polygon_id"":""dce9290ec3fe8834a293"",""polygon_name"":""powai"",""referrer"":"""",""experiments"":""{\""rent_sell_property\"":\""rent_sell\"",\""index_view_type\"":\""grid\""}"",""device"":""desktop"",""index_view_type"":""map_view"",""clid"":""dd882b72-d033-487c-b045-9fbd9aa59d8c""}",
43,Map > Info window close,Page-URLs,,label,"timeStamp:1424165126363_uid:1641101363_sid:15_count:27_{""page_type"":""rent-service_results-page"",""city"":""mumbai"",""url"":""/in/rent/search"",""service"":""rent"",""loct"":""poly"",""poly"":{""id"":""dce9290ec3fe8834a293"",""buffer"":true},""map_arrange"":""rent"",""sort_key"":""rent"",""location_type"":""poly"",""polygon_id"":""dce9290ec3fe8834a293"",""polygon_name"":""powai"",""referrer"":"""",""experiments"":""{\""rent_sell_property\"":\""rent_sell\"",\""index_view_type\"":\""grid\""}"",""device"":""desktop"",""index_view_type"":""map_view"",""clid"":""dd882b72-d033-487c-b045-9fbd9aa59d8c""",
44,Map > Info window open,Page-URLs,,label,"timeStamp:1424165164670_uid:1641101363_sid:15_count:28_{""page_type"":""rent-service_details-page"",""city"":""mumbai"",""url"":""/in/rent/search/270266"",""service"":""rent"",""listing_id"":270266,""loct"":""poly"",""poly"":{""id"":""dce9290ec3fe8834a293"",""buffer"":true},""map_arrange"":""rent"",""sort_key"":""rent"",""location_type"":""poly"",""polygon_id"":""dce9290ec3fe8834a293"",""polygon_name"":""powai"",""referrer"":"""",""experiments"":""{\""rent_sell_property\"":\""rent_sell\"",\""index_view_type\"":\""grid\""}"",""device"":""desktop"",""index_view_type"":""map_view"",""clid"":""dd882b72-d033-487c-b045-9fbd9aa59d8c""}",
47,Map > Get alert side list,Page-URLs,,label,"timeStamp:1424165429037_uid:1641101363_sid:15_count:38_{""page_type"":""rent-service_results-page"",""city"":""mumbai"",""url"":""/subscribe"",""service"":""rent"",""loct"":""poly"",""poly"":{""id"":""dce9290ec3fe8834a293"",""buffer"":true},""map_arrange"":""rent"",""sort_key"":""rent"",""location_type"":""poly"",""polygon_id"":""dce9290ec3fe8834a293"",""polygon_name"":""powai"",""referrer"":"""",""experiments"":""{\""rent_sell_property\"":\""rent_sell\"",\""index_view_type\"":\""grid\""}"",""device"":""desktop"",""index_view_type"":""map_view"",""clid"":""dd882b72-d033-487c-b045-9fbd9aa59d8c""}",
49,Map > Get alert Manage,Page-URLs,,label,"timeStamp:1424165597288_uid:1641101363_sid:15_count:41_{""page_type"":""user-profile_section_full-page"",""city"":""mumbai"",""url"":""/user-profile/subscriptions"",""service"":""rent"",""loct"":""poly"",""poly"":{""id"":""dce9290ec3fe8834a293"",""buffer"":true},""map_arrange"":""rent"",""sort_key"":""rent"",""location_type"":""poly"",""polygon_id"":""dce9290ec3fe8834a293"",""polygon_name"":""powai"",""referrer"":"""",""experiments"":""{\""rent_sell_property\"":\""rent_sell\"",\""index_view_type\"":\""grid\""}"",""device"":""desktop"",""index_view_type"":""map_view"",""clid"":""dd882b72-d033-487c-b045-9fbd9aa59d8c""}",
50,Map > return to search,Page-URLs,,label,"timeStamp:1424165686275_uid:1641101363_sid:15_count:49_{""page_type"":""rent-service_results-page"",""city"":""mumbai"",""url"":""/in/rent/search"",""service"":""rent"",""loct"":""poly"",""poly"":{""id"":""dce9290ec3fe8834a293"",""buffer"":false},""map_arrange"":""rent"",""sort_key"":""rent"",""location_type"":""poly"",""polygon_id"":""dce9290ec3fe8834a293"",""polygon_name"":""powai"",""referrer"":"""",""experiments"":""{\""rent_sell_property\"":\""rent_sell\"",\""index_view_type\"":\""grid\""}"",""device"":""desktop"",""index_view_type"":""map_view"",""clid"":""dd882b72-d033-487c-b045-9fbd9aa59d8c""}",
51,Map > Side list page change,Page-URLs,,label,"timeStamp:1424165780738_uid:1641101363_sid:15_count:53_{""page_type"":""rent-service_results-page"",""city"":""mumbai"",""url"":""/in/rent/search"",""service"":""rent"",""loct"":""poly"",""poly"":{""id"":""dce9290ec3fe8834a293"",""buffer"":false},""map_arrange"":""rent"",""sort_key"":""rent"",""page_num"":3,""location_type"":""poly"",""polygon_id"":""dce9290ec3fe8834a293"",""polygon_name"":""powai"",""referrer"":"""",""experiments"":""{\""rent_sell_property\"":\""rent_sell\"",\""index_view_type\"":\""grid\""}"",""device"":""desktop"",""index_view_type"":""map_view"",""clid"":""dd882b72-d033-487c-b045-9fbd9aa59d8c""}",
52,Map > Shortlist tab,Page-URLs,,label,"timeStamp:1424166237802_uid:1641101363_sid:15_count:55_{""page_type"":""rent-service_results-page_shortlist"",""city"":""mumbai"",""url"":""/in/rent/shortlist"",""service"":""rent"",""loct"":""poly"",""poly"":{""id"":""dce9290ec3fe8834a293"",""buffer"":false},""map_arrange"":""rent"",""sort_key"":""rent"",""page_num"":3,""location_type"":""poly"",""polygon_id"":""dce9290ec3fe8834a293"",""polygon_name"":""powai"",""referrer"":"""",""experiments"":""{\""rent_sell_property\"":\""rent_sell\"",\""index_view_type\"":\""grid\""}"",""device"":""desktop"",""index_view_type"":""map_view"",""clid"":""dd882b72-d033-487c-b045-9fbd9aa59d8c""}",
53,Map > Shortlist > Compare,Page-URLs,,label,"timeStamp:1424166318135_uid:1641101363_sid:15_count:58_{""page_type"":""rent-service_compare-page_shortlist"",""city"":""mumbai"",""url"":""/in/rent/compare-shortlist"",""service"":""rent"",""loct"":""poly"",""poly"":{""id"":""dce9290ec3fe8834a293"",""buffer"":false},""map_arrange"":""rent"",""sort_key"":""rent"",""page_num"":3,""location_type"":""poly"",""polygon_id"":""dce9290ec3fe8834a293"",""polygon_name"":""powai"",""referrer"":"""",""experiments"":""{\""rent_sell_property\"":\""rent_sell\"",\""index_view_type\"":\""grid\""}"",""device"":""desktop"",""index_view_type"":""map_view"",""clid"":""dd882b72-d033-487c-b045-9fbd9aa59d8c""}",
59,Map > Shortlist > Message,Page-URLs,,label,"timeStamp:1424167158920_uid:1641101363_sid:15_count:81_{""page_type"":""rent-service_results-page_shortlist"",""city"":""mumbai"",""url"":""/in/rent/shortlist"",""service"":""rent"",""loct"":""poly"",""poly"":{""id"":""dce9290ec3fe8834a293"",""buffer"":false},""map_arrange"":""rent"",""sort_key"":""rent"",""page_num"":3,""location_type"":""poly"",""polygon_id"":""dce9290ec3fe8834a293"",""polygon_name"":""powai"",""referrer"":"""",""experiments"":""{\""rent_sell_property\"":\""rent_sell\"",\""index_view_type\"":\""grid\""}"",""device"":""desktop"",""index_view_type"":""map_view"",""clid"":""dd882b72-d033-487c-b045-9fbd9aa59d8c""}",
60,Map > Open info window,Page-URLs,,label,"timeStamp:1424167860008_uid:1641101363_sid:15_count:103_{""page_type"":""rent-service_details-page"",""city"":""mumbai"",""url"":""/in/rent/search/252898"",""service"":""rent"",""listing_id"":252898,""loct"":""poly"",""poly"":{""id"":""dce9290ec3fe8834a293"",""buffer"":false},""location_type"":""poly"",""polygon_id"":""dce9290ec3fe8834a293"",""polygon_name"":""powai"",""referrer"":"""",""experiments"":""{\""rent_sell_property\"":\""rent_sell\"",\""index_view_type\"":\""grid\""}"",""device"":""desktop"",""index_view_type"":""map_view"",""clid"":""dd882b72-d033-487c-b045-9fbd9aa59d8c""}",
64,List > Quick link,Page-URLs,,label,"timeStamp:1424169005630_uid:1641101363_sid:15_count:136_{""page_type"":""rent-service_results-page"",""city"":"""",""url"":""/in/rent/mumbai/2bhk-powai"",""service"":""rent"",""poly"":{""id"":""dce9290ec3fe8834a293"",""buffer"":false},""apartment_types"":[3],""loct"":""poly"",""location_type"":""poly"",""polygon_id"":""dce9290ec3fe8834a293"",""referrer"":""https://housing.com/in/rent/mumbai/1rk-powai"",""experiments"":""{\""rent_sell_property\"":\""rent_sell\"",\""index_view_type\"":\""grid\""}"",""device"":""desktop"",""index_view_type"":""grid_view"",""clid"":""null""}",
65,List > page change,Page-URLs,,label,"timeStamp:1424169072541_uid:1641101363_sid:15_count:138_{""page_type"":""rent-service_results-page"",""city"":""mumbai"",""url"":""/in/rent/search"",""service"":""rent"",""loct"":""poly"",""poly"":{""id"":""dce9290ec3fe8834a293"",""buffer"":false},""apartment_types"":[3],""page_num"":2,""location_type"":""poly"",""polygon_id"":""dce9290ec3fe8834a293"",""polygon_name"":""powai"",""referrer"":""https://housing.com/in/rent/mumbai/1rk-powai"",""experiments"":""{\""rent_sell_property\"":\""rent_sell\"",\""index_view_type\"":\""grid\""}"",""device"":""desktop"",""index_view_type"":""grid_view"",""clid"":""dd882b72-d033-487c-b045-9fbd9aa59d8c""}",
66,List > Near by locality,Page-URLs,,label,"timeStamp:1424169160288_uid:1641101363_sid:15_count:140_{""page_type"":""rent-service_results-page"",""city"":"""",""url"":""/in/rent/search"",""service"":""rent"",""min_date_added"":null,""apartment_types"":[3],""sort_key"":""seo"",""sort_order"":""ASC"",""max_date_added"":null,""poly"":{""id"":""7d7e7ce92514320c5102""},""poly_q"":""true"",""loct"":""poly"",""location_type"":""poly"",""polygon_id"":""7d7e7ce92514320c5102"",""referrer"":""https://housing.com/in/rent/mumbai/1rk-powai"",""experiments"":""{\""rent_sell_property\"":\""rent_sell\"",\""index_view_type\"":\""grid\""}"",""device"":""desktop"",""index_view_type"":""grid_view"",""clid"":""dd882b72-d033-487c-b045-9fbd9aa59d8c""}",
70,List > Relevance,Page-URLs,,label,"timeStamp:1424247217180_uid:1641101363_sid:17_count:112_{""page_type"":""rent-service_results-page"",""city"":""mumbai"",""url"":""/in/rent/search"",""service"":""rent"",""loct"":""poly"",""poly"":{""id"":""dce9290ec3fe8834a293"",""buffer"":false},""apartment_types"":[4],""location_type"":""poly"",""polygon_id"":""dce9290ec3fe8834a293"",""polygon_name"":""powai"",""referrer"":"""",""experiments"":""{\""rent_sell_property\"":\""rent_sell\""}"",""device"":""desktop"",""index_view_type"":""grid_view"",""clid"":""dd882b72-d033-487c-b045-9fbd9aa59d8c""}",
71,List > Date added,Page-URLs,,label,"timeStamp:1424247171949_uid:1641101363_sid:17_count:110_{""page_type"":""rent-service_results-page"",""city"":""mumbai"",""url"":""/in/rent/search"",""service"":""rent"",""loct"":""poly"",""poly"":{""id"":""dce9290ec3fe8834a293"",""buffer"":false},""apartment_types"":[4],""sort_key"":""date_added"",""sort_order"":""false"",""location_type"":""poly"",""polygon_id"":""dce9290ec3fe8834a293"",""polygon_name"":""powai"",""referrer"":"""",""experiments"":""{\""rent_sell_property\"":\""rent_sell\""}"",""device"":""desktop"",""index_view_type"":""grid_view"",""clid"":""dd882b72-d033-487c-b045-9fbd9aa59d8c""}",
72,List > Price low/high,Page-URLs,,label,"timeStamp:1424247439191_uid:1641101363_sid:17_count:122_{""page_type"":""rent-service_results-page"",""city"":""mumbai"",""url"":""/in/rent/search"",""service"":""rent"",""loct"":""poly"",""poly"":{""id"":""dce9290ec3fe8834a293"",""buffer"":false},""apartment_types"":[4],""map_arrange"":""rent"",""sort_key"":""rent"",""sort_order"":""false"",""location_type"":""poly"",""polygon_id"":""dce9290ec3fe8834a293"",""polygon_name"":""powai"",""referrer"":"""",""experiments"":""{\""rent_sell_property\"":\""rent_sell\""}"",""device"":""desktop"",""index_view_type"":""grid_view"",""clid"":""dd882b72-d033-487c-b045-9fbd9aa59d8c""}",